Workbook

Sheet ESTRATÈGIA
C3: ESQUEMA CONCEPTUAL PER A LA ELABORACIÓ DEL PLA ESTRATÈGIC EN EL MARC
C4: DELS ESTÀNDARDS OBERTS PER A LA GESTIÓ ADAPTATIVA A CATALUNYA

Sheet INSTRUCCIONS
A1: PESTANYA DE PRIORITZACIÓ
A2: Llistat elements: | B2: Tasca 1: Revisar el llistat d'elements prioritzats per tal d'avaluar si cal afegir-ne algun o treure'n algun. A la columna comentaris cal argumentar, breument, el perquè de la decisió.
A4: Llistat amenaces: | B4: Tasca 2: A partir de la taxonomia d'amenaces que es troba a la pestanya final, cal omplir les tres columnes (E, F i G) amb les tres principals amenaces per a la conservació de l'element. S'afegeixi una darrera columna per si hi ha amenaces que no es troben incloses a la taxonomia.
A6: PESTANYA DEL PLA
A7: Explicacions:
B8: 7 Eixos temàtics
B9: Els objectius generals estan directament associats als objectius generals dels Plans de Protecció del medi naatural i del paisatge. NO ES PODEN RETOCAR
B10: Objectius estratègics: definits en un grup de treball intern de serveis Centrals i dels Parcs durant l'any 2023. NO ES PODEN RETOCAR
B11: Objectius operacionals: definits en un grup de treball intern de serveis Centrals i dels Parcs durant l'any 2023
A14: Tasques a realitzar:
A15: Objectius operacionals: | B15: El llistat d'objectius operacionals té una columna al costa (columna I) on s'indica si l'objectiu és obligatori de mantenir al Pla estratègic o no.
B16: Tasca 1: Columna I. Revisar els que es posa com a obligatoris per veure si són realment aplicables a l'espai o no.
B17: Tasca 2: Columna I. Revisar els que posa "Opcional" per identificar els que són aplicables o no a l'espai. O, també, determinar si algun d'ells seria aplicable o es pot concretar millor el redactat de l'objectiu.
B18: Tasca 3: Columna J. En ambdós casos, cal posar a la columna J, el redactat final de l'objectiu concretat a l'espai. En el cas de que l'objectiu s'elimina, posar "NA". Ara es reprodueix el redactat dels objectius operacionals derivats del grup de treball esmentat
B19: Tasca 4: Columna K. Per tots els casos en que hi ha modificació respecte al redactat original de l'objectiu operatiu -i, també, en el cas que es consideri que s'ha d'eliminar-, a la columna K cal redactar molt breument el motiu pel qual es prèn la decisió.
B20: Tasca 5: Columna L. Incloure un Si/No avaluant si l'objectiu operatiu podria tenir mesures a incorporar a la programació d'actuacions de l'espai (Si) o, per altra banda, el seu assoliment depèn d'altres òrgans, com l'ACA o altres serveis dins la DGPAMN (No).
B21: Tasca 6: Columna M. Definir la prioritat que hauria de tenir l'assoliment de l'objectiu (màxima, si cal assolir en els propers 4 anys, o altrament alta, mitja o baixa). També hi ha l'opció de prioritat a assolir a més llarg termini.
A22: Propostes genèriques d'accions: | B22: Tasca 7: Columna N. En aquest columna cal introduir les accions, de manera genèrica, que caldria aplicar a l'espai per tal d'assolir l'objectiu operatiu. No es tracta d'un llistat d'accions concretes si no, més aviat, accions generals que acabarien concretant-se en la programació anual. PER A INICIAR AMB LA TAULA US PODEU BASAR MOLT EN LA FEINA JA FETA DE PRIORITZACIÓ DE MESURES PEL MAP
B23: En el cas dels objectius operatius que s'ha considerat que no són aplicables a l'espai, cal avaluar si podrien tenir alguna acció que sí tindria sentit d'incloure al Pla estratègic tot i que l'objectiu de manera global no hi ´seria d'aplicació.
A24: Indicadors: | B24: Tasca 8: Columna Q. Posar un indicar SMART per avaluar el compliment de la mesura proposada a la columna N
A25: Fites a assolir en 4 anys: | B25: Tasca 9: Posar un valor de l'indicador a asolir: valor mínim necessari (columna R) o valor desitjable (columna S).
A26: Hores de dedicació: | B26: Tasca 10: Columna T. Realitzar una aproximació el més acurada que es pugui de les hores del personal de gestió de l'espai que cal destinar per a la realització de l'acció.
A27: Àrea responsable: | B27: Tasca 11: Columna U. Indicar quina àrea de l'equip de gestió és responsable de coordinar l'execució de l'acció.
A28: Persona responsable: | B28: Tasca 12: Columna V. Indicar quina persona dins l'àrea seria l'encarregada.
A30: PESTANYA DEL VINCLE
A31: Definir vincle amenaça vs. Obj. Operatiu | B31: Tasca 1: Establir / Revisar el vincle entre les amenaces identificades a la pestanya de priorització i els objectius operatius definits a la columna J de la pestanya Pla. La columna B conté el llistat dels objectius operatius tal i com quedaran definits després de la vostra revisió.
B32: Tasca 2: En cas que es pugui, definir l'amenaça / factor / causa concret a la que atén l'objectiu definit al Pla. Poden ser més d'una.
B33: És important que es visualitzi a quina amenaça es dirigeix l'objectiu operatiu que es proposa al Pla, tot i que, no sempre hi ha d'haver un vincle clar. Pot haver algun objectiu sense amenaça vinculada.

Sheet PRIORITZACIÓ
D2: Llistats corresponent a l'espai de Natura 2000 ES5120008"Estany de Banyoles"
D3: LLISTAT D'ELEMENTS PRESENT A L'ESPAI | J3: AMENACES PER A CADA ELEMENT
D4: Hàbitats d'interès comunitari | E4: Hàbitats d'interès comunitari | F4: Prioritzat | G4: CE | H4: Puntuació índex rellevància | I4: Comentaris en cas de canvi en la priorització | J4: Amenaça 1 segons taxonomia | K4: Amenaça 2 segons taxonomia | L4: Amenaça 3 segons taxonomia | M4: Altres amenaces
D5: 3140 | E5: Aigües oligomesotròfiques calcàries amb vegetació bèntica de Chara spp. | F5: Si | G5: No | H5: 6.75 | J5: Impactes del canvi climàtic relatius a l'alteració del règim de precipitació i sequera | K5: Gestió de l'aigua | L5: Activitat agrícola | O5: Nota: La priorització d'elements actual inclou els Elements Clau que es van determinar en l'instrument de gestió aprovat amb l'Acord de Govern 150/2014 (Annex 6)
D6: 3150 | E6: Estanys naturals eutròfics amb vegetació natant (Hydrocharition) o poblaments submersos d'espigues d'aigua (Potamion) | F6: Si | G6: No | H6: 4.375 | J6: Impactes del canvi climàtic relatius a l'alteració del règim de precipitació i sequera | K6: Gestió de l'aigua | L6: Activitat agrícola | O6: Aquest Acord era per les Zones Especials de Conservació, no per les ZEPA i, per tant, no es va fer l'exercici de priorització de les aus.
D7: 3170p | E7: Basses i tolls temporanis | F7: Si | G7: Si | H7: 4.125 | J7: Impactes del canvi climàtic relatius a l'alteració del règim de precipitació i sequera | K7: Gestió de l'aigua | L7: Activitat agrícola | O7: També inclou el primer quartil de l'exercici de la UIC per prioritzar els elements present a cada espai de Natura 2000, és a dir, el 25% dels
D8: 3190 | E8: Estanys càrstics amb guixos | F8: Si | G8: No | H8: 6.75 | J8: Impactes del canvi climàtic relatius a l'alteració del règim de precipitació i sequera | K8: Gestió de l'aigua | L8: Activitat agrícola | O8: elements amb major índex de rellevància a l'espai. Veure document metodològic aquí:
D9: 3290 | E9: Rius mediterranis intermitents, amb gespes nitròfiles del Paspalo-Agrostidion | F9: Si | G9: No | I9: És d'interès per l'ENP | J9: Impactes del canvi climàtic relatius a l'alteració del règim de precipitació i sequera | K9: Gestió de l'aigua | L9: Activitat agrícola | O9: https://gencat.sharepoint.com/sites/Informaciiconeixementpatrimoninatural2/Documents%20compartits/Forms/AllItems.aspx?csf=1&web=1&e=3x4ZkK&ovuser=3b9427dc%2Dd30e%2D43bc%2D8c06%2Dff7253676fec%2Cjordiparpal%40gencat%2Ecat&OR=Teams%2DHL&CT=1713942253212&clic
D10: 6420 | E10: Jonqueres | F10: Si | G10: No | I10: És d'interès per l'ENP | J10: Impactes del canvi climàtic relatius a l'alteració del règim de precipitació i sequera | K10: Gestió de l'aigua | L10: Activitat agrícola | O10: El llistat original d'elements prové dels llistats que genera l'ACTBIO i té en compte les espècies que surten al formulari normalitzat de dades (FND) de l'espai
D11: 6430 | E11: Herbassars higròfils, tant de marges i vorades com de l'alta muntanya | F11: Si | G11: No | I11: És d'interès per l'ENP per la restauració de boscos de ribera en general | J11: Impactes del canvi climàtic relatius a l'alteració del règim de precipitació i sequera | K11: Gestió de l'aigua | L11: Activitat agrícola
D12: 6510 | E12: Prats de dall de terra baixa | F12: Si | G12: No | I12: L'ENP considera com a prioritari com a zona d'expansió/buffer a l'entorn de zones humides | J12: Desaparició d'activitats tradicionals | K12: Activitat agrícola
D13: 7210p | E13: Aiguamolls calcari de mansega | F13: Si | G13: Si | H13: 5 | J13: Impactes del canvi climàtic relatius a l'alteració del règim de precipitació i sequera | K13: Gestió de l'aigua
D14: 91E0p | E14: Vernedes i altres boscos de ribera | F14: Si | G14: Si | I14: És d'interès per l'ENP per la restauració de boscos de ribera en general | J14: Impactes del canvi climàtic relatius a l'alteració del règim de precipitació i sequera | K14: Gestió de l'aigua | L14: Treballs forestals
D15: 92A0 | E15: Alberedes, salzedes i altres boscos | F15: Si | G15: No | I15: Ídem anterior | J15: Impactes del canvi climàtic relatius a l'alteració del règim de precipitació i sequera | K15: Gestió de l'aigua | L15: Treballs forestals
D16: 9340 | E16: Alzinars i carrascars | F16: Si | G16: No | I16: Interès en algun sector de l'espai a la conca de recepció de l'estany com a alzinars de boscos madurs en recuperació | J16: Treballs forestals | K16: Foc | L16: Impactes del canvi climàtic relatius a l'alteració del règim de precipitació i sequera
D17: 9540 | E17: Pinedes mediterrànies | F17: Si | G17: No | I17: Si es pot fer compra de finques l'ENP també hi intervé | J17: Treballs forestals | K17: Foc | L17: Impactes del canvi climàtic relatius a l'alteració del règim de precipitació i sequera
B21: CATÀLEG | C21: GRUP | D21: Espècies presents a l'espai | F21: Prioritzat | G21: CE | H21: Puntuació índex rellevància | I21: Comentaris en cas de canvi en la priorització | J21: Amenaça 1 segons taxonomia | K21: Amenaça 2 segons taxonomia | L21: Amenaça 3 segons taxonomia | M21: Altres amenaces
C22: Aus | D22: Acrocephalus arundinaceus | F22: No | G22: No
C23: Aus | D23: Acrocephalus melanopogon | F23: No | G23: No
C24: Aus | D24: Acrocephalus scirpaceus | F24: No | G24: No
C25: Aus | D25: Actitis hypoleucos | F25: No | G25: No
B26: VU | C26: Invertebrats | D26: Aeschna isoceles | F26: Si | G26: No | I26: Una de les poques i millors poblacions de Cat | J26: Gestió de l'aigua | K26: Activitat agricola | L26: Impactes del canvi climàtic relatius a l'alteració del règim de precipitació i sequera
B27: VU | C27: Invertebrats | D27: Aeshna afinis | F27: No | G27: No
C28: Aus | D28: Alcedo atthis | F28: No | G28: No
C29: Amfibis | D29: Alytes obstetricans | F29: No | G29: Si | I29: Com a millora d'hàbitat, actualització de la informació | J29: Plagues i patògens | K29: Espècies invasores | L29: Impactes del canvi climàtic relatius a l'alteració del règim de precipitació i sequera | M29: Polució aquàtica
C30: Aus | D30: Anas acuta | F30: No | G30: No
C31: Aus | D31: Anas clypeata | F31: No | G31: No
C32: Aus | D32: Anas crecca | F32: No | G32: No
C33: Aus | D33: Anas penelope | F33: No | G33: No
C34: Aus | D34: Anas platyrhynchos | F34: No | G34: No | I34: Treball en termes d'afectació a cultius propers
C35: Aus | D35: Anas querquedula | F35: No | G35: No
C36: Aus | D36: Anas strepera | F36: No | G36: No
C37: Invertebrats | D37: Anodonta anatina | F37: Si | G37: Si | I37: Cria en captivitat | J37: Espècies invasores | K37: Gestió de l'aigua | L37: Impactes del canvi climàtic relatius a l'alteració del règim de precipitació i sequera
C38: Aus | D38: Ardea alba | F38: No | G38: No
C39: Aus | D39: Ardea cinerea | F39: No | G39: No
C40: Aus | D40: Ardea purpurea | F40: No | G40: No
C41: Aus | D41: Ardeola ralloides | F41: No | G41: No
B42: VU | C42: Mamífers | D42: Arvicola sapidus | F42: Si | G42: Si | I42: Millora de la informació | J42: Gestió de l'aigua | K42: Plagues i patògens | L42: Espècies invasores | M42: Ramaderia
B43: VU | C43: Aus | D43: Athene noctua | F43: Si | G43: Si | I43: Presència a l'espai i oportunitat per millorar el seu hàbitat | J43: Activitat agrícola | K43: Urbanització residencial | L43: Vials de transport
C44: Aus | D44: Aythya ferina | F44: Si | G44: No | H44: 1.75 | I44: Hi és com a hivernant | J44: Activitat agrícola | K44: Polució aquàtica | L44: Caça i recol·lecció d'animals | M44: Espècies invasores
C45: Aus | D45: Aythya fuligula | F45: No | G45: No
B46: EN | C46: Aus | D46: Aythya nyroca | F46: Si | G46: No | I46: Banyoles apareix com a àrea d'importància en el document de base del pla de recuperació de l'Espècie | J46: Activitat agrícola | K46: Polució aquàtica | L46: Caça i recol·lecció d'animals | M46: Espècies invasores
B47: VU | C47: Mamífers | D47: Barbastella barbastellus | F47: Si | G47: No | I47: Es pot actuar per a la seva conservació | J47: Treballs forestals
C48: Peixos | D48: Barbus meridionalis | F48: Si | G48: Si | H48: 2.056 | J48: Espècies invasores | K48: Gestió de l'aigua
C49: Aus | D49: Bubulcus ibis | F49: Si | G49: No | I49: A l'espai hi ha un dormider d'esplugabous | J49: Àrees recretives i turístiques | K49: Molèsties per activitats recreatives
C50: Aus | D50: Buteo buteo | F50: No | G50: No
C51: Aus | D51: Caprimulgus europaeus | F51: No | G51: No
B52: EN | C52: Flora | D52: Carex elata | F52: Si | G52: Si | J52: Gestió de l'aigua
B53: VU | C53: Invertebrats | D53: Cerambyx cerdo | F53: Si | G53: No | I53: Molt present als boscos de l'estany | J53: Treballs forestals | K53: Foc
C54: Aus | D54: Certhia brachydactyla all others | F54: No | G54: No
C55: Aus | D55: Charadrius dubius | F55: No | G55: No
C56: Aus | D56: Chlidonias hybrida | F56: No | G56: No
B57: EN | C57: Aus | D57: Chlidonias niger | F57: No | G57: No
C58: Aus | D58: Ciconia ciconia | F58: Si | G58: Si | J58: Conduccions | K58: Activitat agricola
C59: Aus | D59: Circus aeruginosus | F59: No | G59: No
C60: Aus | D60: Egretta garzetta | F60: No | G60: No
B61: EN | C61: Rèptils | D61: Emys orbicularis | F61: Si | G61: Si | H61: 1.889 | J61: Espècies invasores | K61: Activitat agricola | L61: Gestió de l'aigua
C62: Amfibis | D62: Epidalea calamita | F62: Si | G62: Si | I62: Com a millora d'hàbitat, actualització de la informació | J62: Plagues i patògens | K62: Espècies invasores | L62: Impactes del canvi climàtic relatius a l'alteració del règim de precipitació i sequera | M62: Polució aquàtica
C63: Mamífers | D63: Eptesicus serotinus | F63: No | G63: No
C64: Invertebrats | D64: Euphydrias aurinia | F64: Si | G64: No | I64: Està citada a l'espai i dins la Directiva Hàbitats | J64: Desaparició d'activitats tradicionals | K64: Treballs forestals
C65: Aus | D65: Falco peregrinus | F65: No | G65: No
C66: Mamífers | D66: Felis sylvestris | F66: Si | G66: No | I66: Utilitza l'espai, pot ser sensible a atropellaments com altres mamífers (turó, mostela) i es pot actuar (passos de fauna, senyalització..) | J66: Introducció de genotips aliens | K66: Vials de transport
C67: Aus | D67: Fulica atra | F67: No | G67: Si | I67: L'espai les té com a indicadores del sistema
C68: Aus | D68: Gallinago gallinago | F68: No | G68: No
C69: Aus | D69: Gallinula chloropus | F69: Si | G69: No | H69: 1.333 | I69: L'espai les té com a indicadores del sistema | J69: Impactes del canvi climàtic relatius a l'alteració del règim de precipitació i sequera | K69: Activitat agrícola | L69: Espècies invasores
B70: EN | C70: Peixos | D70: Gasterosteus aculeatus | F70: Si | G70: Si | I70: Reintroduccions de l'sp | J70: Espècies invasores | K70: Gestió de l'aigua
C71: Aus | D71: Gelochelidon nilotica | F71: No | G71: No
C72: Mamífers | D72: Genetta genetta | F72: No | G72: No
C73: Invertebrats | D73: Graellsia isabellae | F73: Si | G73: Si | H73: 1.75 | J73: Foc | K73: Activitat agrícola | L73: Contaminació acústica, llumínica o per radiació
C74: Aus | D74: Himantopus himantopus | F74: No | G74: No
B75: VU | C75: Invertebrats | D75: Hoplia coerulea | F75: Si | G75: No | I75: Molt present a l'espai | J75: Activitat agrícola
C76: Aus | D76: Hydrocoloeus minutus | F76: No | G76: No
C77: Amfibis | D77: Hyla meridionalis | F77: Si | G77: Si | I77: Com a millora d'hàbitat, actualització de la informació | J77: Plagues i patògens | K77: Espècies invasores | L77: Impactes del canvi climàtic relatius a l'alteració del règim de precipitació i sequera | M77: Polució aquàtica
C78: Aus | D78: Ixobrychus minutus | F78: Si | G78: No | I78: El seguiment del número de parelles reproductores pot ser indicador de l'estat ecològic dels ecosistemes aquàtics | J78: Impactes del canvi climàtic relatius a l'alteració del règim de precipitació i sequera
C79: Rèptils | D79: Lacerta bilineata | F79: Si | G79: Si | H79: 1.333 | I79: Millora de la informació. | J79: Desaparició d'activitats tradicionals | K79: Vials de transport
C80: Aus | D80: Larus argentatus | F80: No | G80: No
C81: Aus | D81: Larus cachinnans | F81: No | G81: No
C82: Aus | D82: Larus fuscus all others | F82: No | G82: No
C83: Aus | D83: Larus michahellis | F83: No | G83: No
C84: Aus | D84: Larus ridibundus | F84: No | G84: No
B85: VU | C85: Invertebrats | D85: Libellula fulva | F85: Si | G85: No | I85: Presència de la millor, i una de les poques, poblacions de Catalunya a l'ENP | J85: Gestió de l'aigua | K85: Activitat agricola | L85: Impactes del canvi climàtic relatius a l'alteració del règim de precipitació i sequera
C86: Invertebrats | D86: Lucanus cervus | F86: No | G86: No
B87: VU | C87: Invertebrats | D87: Lucanus cervus | F87: Si | G87: No | I87: Molt present als boscos de l'ENP | J87: Treballs forestals
C88: Aus | D88: Luscinia svecica | F88: No | G88: No
C89: Mamífers | D89: Lutra lutra | F89: Si | G89: No | I89: Depredador clau d'ecosistemes aquàtics, és interessant fer-ne un seguiment | J89: Impactes del canvi climàtic relatius a l'alteració del règim de precipitació i sequera
C90: Aus | D90: Lymnocryptes minimus | F90: No | G90: No
C91: Rèptils | D91: Mauremys leprosa | F91: Si | G91: No | J91: Espècies invasores | K91: Activitat agricola | L91: Gestió de l'aigua
C92: Aus | D92: Merops apiaster | F92: No | G92: No
C93: Aus | D93: Milvus migrans | F93: No | G93: No
B94: VU | C94: Mamífers | D94: Miniopterus schreibersii | F94: No | G94: No
C95: Aus | D95: Muscicapa striata | F95: No | G95: No
B96: VU | C96: Mamífers | D96: Mustela nivalis | F96: Si | G96: No | I96: Present, molt escassa i d'estatus incert, es pot afavorir amb actuacions (herbassars, prats de dall, vedrunes…) | J96: Ramaderia | K96: Gestió d'hàbitats | L96: Vials de transport
B97: EN | C97: Mamífers | D97: Mustela putorius | F97: No | G97: No
B98: EN | C98: Mamífers | D98: Myotis capaccinii | F98: Si | G98: Si | H98: 1.333 | I98: Actualització de la informació (2008) | J98: Gestió de l'aigua | K98: Molèsties per activitats recretaives | L98: Contaminació acústica, llumínica o per radiació
C99: Mamífers | D99: Myotis daubentonii | F99: Si | G99: Si | H99: 1.5 | I99: Actualització de la informació (2008) | J99: Gestió de l'aigua | K99: Contaminació acústica, llumínica o per radiació
B100: VU | C100: Mamífers | D100: Myotis emarginatus | F100: Si | G100: No | I100: Cavernícola, pot ocupar edificis i tenir hàbitats de campeig interessants a l'entorn de l'Estany | J100: Activitat agrícola | K100: Contaminació acústica, llumínica o per radiació
B101: VU | C101: Flora | D101: Myriophillum verticillatum | F101: Si | G101: No | I101: Presència de poblacions importants a l'ENP | J101: Gestió de l'aigua | K101: Impactes del canvi climàtic relatius a l'alteració del règim de precipitació i sequera
B102: VU | C102: Flora | D102: Najas marina | F102: Si | G102: No | J102: Gestió de l'aigua | K102: Impactes del canvi climàtic relatius a l'alteració del règim de precipitació i sequera
C103: Aus | D103: Netta rufina | F103: No | G103: No
C104: Mamífers | D104: Nyctalus leisleri | F104: Si | G104: Si | H104: 1.5 | I104: Actualització de la informació (2008) | J104: Treballs forestals | K104: Activitat agricola
...

Sheet Pla_Exercici
A1: EIXOS | B1: Id_OG | C1: OBJECTIUS Generals (PP) | D1: Id_OE | E1: OBJECTIUS Estratègics | F1: Id_OO | G1: Objectiu operatiu concret a l'espai | H1: Explicació de la decisió presa en el cas de canvis respecte al llistat inicial (columna G) | I1: Objectiu amb mesures incorporables a la planificació anual de la gestió de l'espai? | J1: Propostes d'accions | K1: Indicadors | L1: Àrea responsable | M1: Persona responsable | N1: Contractació externa o mitjans propis | O1: Finançament
A2: NATURA | B2: 1 | C2: CONSERVAR LA NATURA i restaurar els ecosistemes, els processos naturals i seminaturals, la biodiversitat i la geodiversitat associada. | D2: 01.1 | E2: Adequar i fer eficient la conservació dels elements objecte de gestió prioritària marcats per la DG a l'ENP | F2: 01.1.1 | G2: Implementar i executar plans de gestió específics per a hàbitats i espècies de conservació prioritària dins l'ENP | I2: Si | J2: Elaboració d'un pla de gestió de les tortugues aquàtiques autòctones a l'espai natural (Emys orbicularis i Mauremys leprosa) | K2: Sí/No | L2: Àrea coordinació | M2: Tècnic coordinador | N2: Contractació externa | O2: Fons propis
A3: NATURA | B3: 1 | C3: CONSERVAR LA NATURA i restaurar els ecosistemes, els processos naturals i seminaturals, la biodiversitat i la geodiversitat associada. | D3: 01.1 | E3: Adequar i fer eficient la conservació dels elements objecte de gestió prioritària marcats per la DG a l'ENP | F3: 01.1.1 | G3: Implementar i executar plans de gestió específics per a hàbitats i espècies de conservació prioritària dins l'ENP | I3: Si | J3: Elaboració d'un pla de gestió per la conservació i millora de les nàiades de l'espai natural (Unio ravoisieri, Unio mancus, Potomida littoralis i Anodonta anotina) | K3: Sí/No | L3: Àrea coordinació | M3: Tècnic coordinador | N3: Contractació externa | O3: Fons propis
A4: NATURA | B4: 1 | C4: CONSERVAR LA NATURA i restaurar els ecosistemes, els processos naturals i seminaturals, la biodiversitat i la geodiversitat associada. | D4: 01.1 | E4: Adequar i fer eficient la conservació dels elements objecte de gestió prioritària marcats per la DG a l'ENP | F4: 01.1.1 | G4: Implementar i executar plans de gestió específics per a hàbitats i espècies de conservació prioritària dins l'ENP | I4: Si | J4: Elaboració d'un pla de gestió de la falguera dels pantans (Thelypteris palustris) | K4: Sí/No | L4: Àrea coordinació | M4: Tècnic coordinador | N4: Contractació externa | O4: Fons propis
A5: NATURA | B5: 1 | C5: CONSERVAR LA NATURA i restaurar els ecosistemes, els processos naturals i seminaturals, la biodiversitat i la geodiversitat associada. | D5: 01.2 | E5: Executar les mesures de gestió directa previstes en els instruments de planificació per la conservació i la gestió adaptativa dels elements clau de l'ENP | F5: 01.2.1 | G5: Implementar la metodologia de gestió adaptativa (Estàndards Oberts de Gestió Adaptativa a Catalunya) en tots els processos de l'ENP | I5: Si | J5: Redacció d'un protocol per tal d'incorporar la metodologia dels Estàndards Oberts pels processos més rellevants per a la conservació a l'espai | K5: Sí/No | L5: Intervenció | M5: Interventora
A6: NATURA | B6: 1 | C6: CONSERVAR LA NATURA i restaurar els ecosistemes, els processos naturals i seminaturals, la biodiversitat i la geodiversitat associada. | D6: 01.2 | E6: Executar les mesures de gestió directa previstes en els instruments de planificació per la conservació i la gestió adaptativa dels elements clau de l'ENP | F6: 01.2.2 | G6: Executar les mesures previstes en els plans de conservació o recuperació d'espècies amenaçades de forma coordinada amb el Servei de Flora i Fauna en l'àmbit de l'ENP | I6: No | J6: Implicació i participació en la redacció dels plans de conservació /recuperació d'espècies amenaçades | K6: Nombre de reunions | L6: Àrea coordinació | M6: Tècnic coordinador | N6: Mitjans propis | O6: Fons propis
A7: NATURA | B7: 1 | C7: CONSERVAR LA NATURA i restaurar els ecosistemes, els processos naturals i seminaturals, la biodiversitat i la geodiversitat associada. | D7: 01.2 | E7: Executar les mesures de gestió directa previstes en els instruments de planificació per la conservació i la gestió adaptativa dels elements clau de l'ENP | F7: 01.2.2 | G7: Executar les mesures previstes en els plans de conservació o recuperació d'espècies amenaçades de forma coordinada amb el Servei de Flora i Fauna en l'àmbit de l'ENP | I7: Si | J7: Execució de les accions dins els plans de recuperació/conservació aprovats que afectin l'espai | K7: Nombre d'accions executades | L7: Àrea coordinació | M7: Tècnic coordinador | N7: Contractació externa | O7: Subjecte a ajuts
A8: NATURA | B8: 1 | C8: CONSERVAR LA NATURA i restaurar els ecosistemes, els processos naturals i seminaturals, la biodiversitat i la geodiversitat associada. | D8: 01.2 | E8: Executar les mesures de gestió directa previstes en els instruments de planificació per la conservació i la gestió adaptativa dels elements clau de l'ENP | F8: 01.2.2 | G8: Executar les mesures previstes en els plans de conservació o recuperació d'espècies amenaçades de forma coordinada amb el Servei de Flora i Fauna en l'àmbit de l'ENP | I8: Si | J8: Col·laboració en l'obtenció de la informació necessària dins els espais per al desenvolupament dels Plans | K8: Sí/No | L8: Àrea coordinació | M8: Tècnic coordinador | N8: Mitjans propis | O8: Fons propis
A9: NATURA | B9: 1 | C9: CONSERVAR LA NATURA i restaurar els ecosistemes, els processos naturals i seminaturals, la biodiversitat i la geodiversitat associada. | D9: 01.2 | E9: Executar les mesures de gestió directa previstes en els instruments de planificació per la conservació i la gestió adaptativa dels elements clau de l'ENP | F9: 01.2.3 | G9: Executar les mesures de control d'EEI | I9: Si | J9: Redacció del Pla tècnic de control del coipú (Myocastor coypus) | K9: Sí/No | L9: Àrea coordinació | M9: Tècnic coordinador | N9: Mitjans propis | O9: Fons propis
A10: NATURA | B10: 1 | C10: CONSERVAR LA NATURA i restaurar els ecosistemes, els processos naturals i seminaturals, la biodiversitat i la geodiversitat associada. | D10: 01.2 | E10: Executar les mesures de gestió directa previstes en els instruments de planificació per la conservació i la gestió adaptativa dels elements clau de l'ENP | F10: 01.2.3 | G10: Executar les mesures de control d'EEI | I10: Si | J10: Execució del Pla tècnic de control del coipú (Myocastor coypus) | K10: Pla executat | L10: Àrea coordinació | M10: Tècnic coordinador | N10: Mitjans propis | O10: Fons propis
A11: NATURA | B11: 1 | C11: CONSERVAR LA NATURA i restaurar els ecosistemes, els processos naturals i seminaturals, la biodiversitat i la geodiversitat associada. | D11: 01.2 | E11: Executar les mesures de gestió directa previstes en els instruments de planificació per la conservació i la gestió adaptativa dels elements clau de l'ENP | F11: 01.2.3 | G11: Executar les mesures de control d'EEI | I11: Si | J11: Redacció del Pla tècnic de control de la tortugues exòtiques | K11: Sí/No | L11: Àrea coordinació | M11: Tècnic coordinador | N11: Mitjans propis | O11: Fons propis
A12: NATURA | B12: 1 | C12: CONSERVAR LA NATURA i restaurar els ecosistemes, els processos naturals i seminaturals, la biodiversitat i la geodiversitat associada. | D12: 01.2 | E12: Executar les mesures de gestió directa previstes en els instruments de planificació per la conservació i la gestió adaptativa dels elements clau de l'ENP | F12: 01.2.3 | G12: Executar les mesures de control d'EEI | I12: Si | J12: Redacció del Pla tècnic de control de la flora exòtica invasora problemàtica a l'EIN | K12: Sí/No | L12: Àrea coordinació | M12: Tècnic coordinador | N12: Mitjans propis | O12: Fons propis
A13: NATURA | B13: 1 | C13: CONSERVAR LA NATURA i restaurar els ecosistemes, els processos naturals i seminaturals, la biodiversitat i la geodiversitat associada. | D13: 01.2 | E13: Executar les mesures de gestió directa previstes en els instruments de planificació per la conservació i la gestió adaptativa dels elements clau de l'ENP | F13: 01.2.3 | G13: Executar les mesures de control d'EEI | I13: Si | J13: Redacció del Pla tècnic de control dels peixos exòtics | K13: Sí/No | L13: Àrea coordinació | M13: Tècnic coordinador | N13: Mitjans propis | O13: Fons propis
A14: NATURA | B14: 1 | C14: CONSERVAR LA NATURA i restaurar els ecosistemes, els processos naturals i seminaturals, la biodiversitat i la geodiversitat associada. | D14: 01.2 | E14: Executar les mesures de gestió directa previstes en els instruments de planificació per la conservació i la gestió adaptativa dels elements clau de l'ENP | F14: 01.2.3 | G14: Executar les mesures de control d'EEI | I14: No | J14: Obtenció de la informació necessària per avaluar el desenvolupament del pla tècnic de l'ENP | K14: Sí/No | L14: Àrea coordinació | M14: Tècnic coordinador | N14: Mitjans propis | O14: Fons propis
A15: NATURA | B15: 1 | C15: CONSERVAR LA NATURA i restaurar els ecosistemes, els processos naturals i seminaturals, la biodiversitat i la geodiversitat associada. | D15: 01.2 | E15: Executar les mesures de gestió directa previstes en els instruments de planificació per la conservació i la gestió adaptativa dels elements clau de l'ENP | F15: 01.2.3 | G15: Executar les mesures de control d'EEI | I15: Si | J15: Trasllat a la DG de la informació recollida en el procés d'execució dels plans tècnics de control de les espècies exòtiques | K15: Sí/No | L15: Àrea coordinació | M15: Tècnic coordinador | N15: Mitjans propis | O15: Fons propis
A16: NATURA | B16: 1 | C16: CONSERVAR LA NATURA i restaurar els ecosistemes, els processos naturals i seminaturals, la biodiversitat i la geodiversitat associada. | D16: 01.3 | E16: Crear ecosistemes complexes, resilients, i d'alta biodiversitat per garantir la recuperació dels processos ecosistèmics | F16: 01.3.1 | G16: Identificar espais pel foment de la dinàmica natural i l'aprofitament no extractiu | I16: Si | J16: Redacció d'un document d'Identificació d'espais pel foment de la renaturalització i restauració del patrimoni natural i del medi físic de l'ENP | K16: Sí/No | L16: Àrea coordinació | M16: Tècnic coordinador | N16: Mitjans propis | O16: Fons propis
A17: NATURA | B17: 1 | C17: CONSERVAR LA NATURA i restaurar els ecosistemes, els processos naturals i seminaturals, la biodiversitat i la geodiversitat associada. | D17: 01.3 | E17: Crear ecosistemes complexes, resilients, i d'alta biodiversitat per garantir la recuperació dels processos ecosistèmics | F17: 01.3.1 | G17: Identificar espais pel foment de la dinàmica natural i l'aprofitament no extractiu | I17: Si | J17: Execució de projectes de restauració per afavorir la conservació dels hàbitats i espècies d'interès a l'ENP | K17: Nombre de projectes | L17: Àrea coordinació | M17: Tècnic coordinador | N17: Contractació externa | O17: Subjecte a ajuts
... A22: NATURA | B22: 1 | C22: CONSERVAR LA NATURA i restaurar els ecosistemes, els processos naturals i seminaturals, la biodiversitat i la geodiversitat associada. | D22: 01.4 | E22: Alinear l'activitat de propietaris i gestors del territori amb la conservació, millora i restauració dels valors de l'ENP | F22: 01.4.2 | G22: Fomentar bones pràctiques entre els col·lectius de propietaris i gestors del territori | I22: Si | J22: Redacció d'un document tècnic pel foment de bones pràctiques en l'entrenament esportiu dins l'Estany de Banyoles | K22: Sí/No | L22: Àrea tècnica | M22: Tècnic/a | N22: Contractació externa | O22: Subjecte a ajuts
A23: NATURA | B23: 1 | C23: CONSERVAR LA NATURA i restaurar els ecosistemes, els processos naturals i seminaturals, la biodiversitat i la geodiversitat associada. | D23: 01.4 | E23: Alinear l'activitat de propietaris i gestors del territori amb la conservació, millora i restauració dels valors de l'ENP | F23: 01.4.3 | G23: Coordinar i gestionar les propietats públiques o en règim de custòdia de l'espai | H23: El Consorci de l'Estany té definit en els seus estatus la gestió de les finques públiques i en custòdia i ho realitza des de la seva creació. | I23: Si | J23: Gestió de les finques públiques i en règim de custòdia de l'ENPE | K23: Sí/No | L23: Àrea coordinació | M23: Tècnic coordinador | N23: Contractació externa i mitjans propis | O23: Fons propis
A24: NATURA | B24: 2 | C24: ADAPTAR ELS ECOSISTEMES AL CANVI CLIMÀTIC i millorar-ne la resiliència en front dels riscos associats. | D24: 02.1 | E24: Planificar l'adaptació dels sistemes naturals al canvi climàtic | F24: 02.1.2 | G24: Gestionar i planificar els recursos hídrics de l'ENP | I24: Si | J24: Assistència a reunions amb els òrgans competents de gestió de l'aigua (Ajuntament de Banyoles i ACA) aportant directrius de conservació del patrimoni natural i del medi físic | K24: Nombre de reunions | L24: Àrea coordinació | M24: Tècnic coordinador | N24: Mitjans propis | O24: Fons propis
A25: NATURA | B25: 2 | C25: ADAPTAR ELS ECOSISTEMES AL CANVI CLIMÀTIC i millorar-ne la resiliència en front dels riscos associats. | D25: 02.1 | E25: Planificar l'adaptació dels sistemes naturals al canvi climàtic | F25: 02.1.3 | G25: Participar en la redacció i execució dels instruments d'ordenació forestal sostenible i per la conservació en finques públiques | I25: Si | J25: Redacció d'Instrument d'Ordenació Forestal de la finca del Torrent Mal | K25: Sí/No | L25: Àrea tècnica | M25: Tècnic/a | N25: Contractació externa | O25: Fons propis
A26: NATURA | B26: 2 | C26: ADAPTAR ELS ECOSISTEMES AL CANVI CLIMÀTIC i millorar-ne la resiliència en front dels riscos associats. | D26: 02.2 | E26: Planificar la prevenció i extinció d’incendis forestals i la gestió del foc de forma coordinada amb els diferents agents del territori | F26: 02.2.3 | G26: Treballar per a la prevenció d'incendis juntament amb els propietaris, ajuntaments, protecció civil, ADF i bombers. | I26: Si | J26: Assistència i participació en meses de decisió per la prevenció d'incendis | K26: Nombre de reunions | L26: Direcció | M26: Director | N26: Mitjans propis | O26: Fons propis
A27: NATURA | B27: 3 | C27: PROTEGIR LA BIODIVERSITAT, i especialment els elements fràgils i amenaçats, d’interès comunitari o de major interès natural. | D27: 03.1 | E27: Prevenir, minimitzar i compensar els impactes ambientals dels usos i activitats que es desenvolupin en l'àmbit de l'ENP | F27: 03.1.1 | G27: Participar en les consultes dels processos d'Avaluació Ambiental que afectin directament o indirectament l’espai del ENP | I27: Si | J27: Assistència a reunions tècniques amb l'equip de la Oficina Territorial d'Acció i Avaluació Ambiental dels Serveis Territorial de Girona i si s'escau, redacció d'informes | K27: Sí/No | L27: Àrea coordinació | M27: Tècnic coordinador | N27: Mitjans propis | O27: Fons propis
A28: NATURA | B28: 3 | C28: PROTEGIR LA BIODIVERSITAT, i especialment els elements fràgils i amenaçats, d’interès comunitari o de major interès natural. | D28: 03.1 | E28: Prevenir, minimitzar i compensar els impactes ambientals dels usos i activitats que es desenvolupin en l'àmbit de l'ENP | F28: 03.1.2 | G28: Exercir un seguiment efectiu de les obres al Parc juntament amb les Oficines Territorials d'Acció i Avaluació Ambiental als efectes d'assegurar la correcta translació de la tutela administrativa. | I28: Si | J28: Realització de visites als treballs informats per l'òrgan de gestió, en coordinació amb l'Oficina Territorial d'Avaluació Ambiental | K28: Nombre de visites d'inspecció relacionades amb els informes | L28: Àrea coordinació | M28: Tècnic coordinador | N28: Mitjans propis | O28: Fons propis
A29: NATURA | B29: 3 | C29: PROTEGIR LA BIODIVERSITAT, i especialment els elements fràgils i amenaçats, d’interès comunitari o de major interès natural. | D29: 03.2 | E29: Garantir el compliment dels objectius de conservació dotant l'ENP de la planificació adequada segons estableix la normativa vigent (Pla de Protecció, PRUG, plans específics...) | F29: 03.2.1 | G29: Participar en l'elaboració dels instruments de planificació de l'ENP | H29: No estem d'acord en que aquest objectiu operatiu es trobi en aquest apartat. Hauria d'estar a l'EIX de Gestió i Administració dins l'OBJECTIU general 15 i amb un nou objectiu estratègic 15.0 | I29: Si | J29: Realització de reunions tècniques amb el Servei de Planificació d'Espais Naturals de la Generalitat de Catalunya per l'elaboració d'instruments de planificació de l'ENP | K29: Nombre de reunions | L29: Direcció | M29: Director | N29: Mitjans propis | O29: Fons propis
A30: NATURA | B30: 3 | C30: PROTEGIR LA BIODIVERSITAT, i especialment els elements fràgils i amenaçats, d’interès comunitari o de major interès natural. | D30: 03.3 | E30: Vetllar pel manteniment dels cabals ecològics i la bona qualitat dels cursos fluvials de l'ENP de forma coordinada amb l'administració competent | F30: 03.3.1 | G30: Vetllar pel manteniment ecològic dels recs i rieres del Pla sectorial corresponent | H30: Text adaptat a l'espai natural | I30: No | J30: Realització de reunions amb la Comissió Tècnica per la gestió de l'aigua a l'Estany de Banyoles | K30: Nombre de reunions | L30: Àrea coordinació | M30: Tècnic coordinador | N30: Mitjans propis | O30: Fons propis
A31: NATURA | B31: 3 | C31: PROTEGIR LA BIODIVERSITAT, i especialment els elements fràgils i amenaçats, d’interès comunitari o de major interès natural. | D31: 03.3 | E31: Vetllar pel manteniment dels cabals ecològics i la bona qualitat dels cursos fluvials de l'ENP de forma coordinada amb l'administració competent | F31: 03.3.1 | G31: Vetllar pel manteniment ecològic dels recs i rieres del Pla sectorial corresponent | H31: Text adaptat a l'espai natural | I31: Si | J31: Realització del seguiment del cabal en els trams d'interès per la flora i la fauna dins l'ENP en situacions de sequera | K31: Sí/No | L31: Àrea tècnica | M31: Tècnic/a | N31: Mitjans propis | O31: Fons propis
A32: NATURA | B32: 3 | C32: PROTEGIR LA BIODIVERSITAT, i especialment els elements fràgils i amenaçats, d’interès comunitari o de major interès natural. | D32: 03.4 | E32: Incrementar el patrimoni públic destinat a la conservació i millora del patrimoni natural | F32: 03.4.1 | G32: Identificar espais prioritaris per a la compra de terrenys de més valor dins l'ENP | I32: Si | J32: Elaboració d'un catàleg de finques d'interès per a la conservació i/o renaturalització | K32: Sí/No | L32: Àrea tècnica | M32: Tècnic/a | N32: Mitjans propis | O32: Fons propis
A33: NATURA | B33: 3 | C33: PROTEGIR LA BIODIVERSITAT, i especialment els elements fràgils i amenaçats, d’interès comunitari o de major interès natural. | D33: 03.4 | E33: Incrementar el patrimoni públic destinat a la conservació i millora del patrimoni natural | F33: 03.4.2 | G33: Identificar espais prioritaris per a la gestió directa | I33: Si | J33: Redacció d'un inventari de finques públiques i conveniades del Consorci de l'Estany i establir els objectius generals de gestió directa | K33: Sí/No | L33: Àrea tècnica | M33: Tècnic/a | N33: Mitjans propis | O33: Fons propis
A34: CULTURA | B34: 4 | C34: CONSERVAR ELS ELEMENTS CULTURALS materials i immaterials vinculats a la natura | D34: 04.4 | E34: Donar a conèixer els elements culturals com a valors del paisatge de l'ENP en les activitats d'ús públic | F34: 04.4.2 | G34: Incorporar el patrimoni cultural en els plans d’ús públic i educació ambiental per fomentar-ne la seva conservació i divulgació. | I34: Si | J34: Consideració del patrimoni cultural el les activitats d' educació ambiental per fomentar-ne la seva conservació i divulgació. | K34: Sí/No | L34: Àrea tècnica | M34: Tècnic/a | N34: Mitjans propis | O34: Fons propis
A35: CULTURA | B35: 5 | C35: PROTEGIR EL PAISATGE i la qualitat de l'ambient visual, sonor i lumínic. | D35: 05.2 | E35: Millorar la qualitat paisatgística | F35: 05.2.3 | G35: Minimitzar la brutícia, deixalles, vandalisme i males praxis dins l'ENP | H35: Objectiu no necessari en aquest eix. Cal traslladar-lo a mala praxis a l'eix de ús públic | I35: Si | J35: Reforç de la senyalització si es detecten punts conflictius | K35: Sí/No | L35: Àrea tècnica | M35: Tècnic/a | N35: Mitjans propis | O35: Fons propis
A36: CONEIXEMENT | B36: 6 | C36: MILLORAR EL CONEIXEMENT DE L'ENTORN, del patrimoni natural, cultural i social. | D36: 06.1 | E36: Identificar els objectes de gestió prioritària de l'ENP en el marc dels objectius de govern | F36: 06.1.1 | G36: Identificar i prioritzar els elements clau i d'interès per la gestió de la biodiversitat i geodiversitat de Catalunya es troben dins l'ENP (especies amenaçades, espècies exòtiques invasores,.. ) | H36: Depèn dels Serveis Centrals de la Direcció general si ens conviden a participar | I36: No | J36: Participació en la definició dels objectes de conservació clau (hàbitats, espècies, processos i elements d’interès geològic) comuns a nivell de Xarxa d'ENP o clúster territorial | K36: Nombre de reunions | L36: Àrea coordinació | M36: Tècnic coordinador | N36: Mitjans propis | O36: Fons propis
A37: CONEIXEMENT | B37: 6 | C37: MILLORAR EL CONEIXEMENT DE L'ENTORN, del patrimoni natural, cultural i social. | D37: 06.1 | E37: Identificar els objectes de gestió prioritària de l'ENP en el marc dels objectius de govern | F37: 06.1.1 | G37: Identificar i prioritzar els elements clau i d'interès per la gestió de la biodiversitat i geodiversitat de Catalunya es troben dins l'ENP (especies amenaçades, espècies exòtiques invasores,.. ) | I37: Si | J37: Elaboració de l'inventari de fauna de l'ENP | K37: Sí/No | L37: Àrea tècnica | M37: Tècnic/a | N37: Mitjans propis | O37: Fons propis
A38: CONEIXEMENT | B38: 6 | C38: MILLORAR EL CONEIXEMENT DE L'ENTORN, del patrimoni natural, cultural i social. | D38: 06.2 | E38: Conèixer l'estat de conservació i la seva tendència dels hàbitats, les espècies els elements de la gea i els processos ecològics com a eina per avaluar i optimitzar la gestió | F38: 06.2.1 | G38: Participar en l'elaboració de la cartografia que elabora la UIC | I38: Si | J38: Trasllat de la informació a través de seguiments del elements clau i altres d'espècies i hàbitats d'interès per la gestió a la UIC | K38: Sí/No | L38: Àrea tècnica | M38: Tècnic/a | N38: Mitjans propis | O38: Fons propis
A39: CONEIXEMENT | B39: 6 | C39: MILLORAR EL CONEIXEMENT DE L'ENTORN, del patrimoni natural, cultural i social. | D39: 06.2 | E39: Conèixer l'estat de conservació i la seva tendència dels hàbitats, les espècies els elements de la gea i els processos ecològics com a eina per avaluar i optimitzar la gestió | F39: 06.2.2 | G39: Conèixer i estudiar els processos naturals propis de l’espai, la seva funcionalitat, i ecologia en referència als ecosistemes | I39: Si | J39: Foment i coordinació dels estudis el règim hidrològic, la pol·linització, la tipificació i funcionament de les cadenes tròfiques pròpies de l’espai | K39: Nombre d'estudis | L39: Àrea tècnica | M39: Tècnic/a | N39: Mitjans propis | O39: Fons propis
A40: CONEIXEMENT | B40: 6 | C40: MILLORAR EL CONEIXEMENT DE L'ENTORN, del patrimoni natural, cultural i social. | D40: 06.2 | E40: Conèixer l'estat de conservació i la seva tendència dels hàbitats, les espècies els elements de la gea i els processos ecològics com a eina per avaluar i optimitzar la gestió | F40: 06.2.2 | G40: Conèixer i estudiar els processos naturals propis de l’espai, la seva funcionalitat, i ecologia en referència als ecosistemes | I40: Si | J40: Actualització del protocol d’índex ecològics de les diferents masses d’aigua | K40: Sí/No | L40: Àrea coordinació | M40: Tècnic coordinador | N40: Contractació externa | O40: Fons propis
A41: CONEIXEMENT | B41: 6 | C41: MILLORAR EL CONEIXEMENT DE L'ENTORN, del patrimoni natural, cultural i social. | D41: 06.2 | E41: Conèixer l'estat de conservació i la seva tendència dels hàbitats, les espècies els elements de la gea i els processos ecològics com a eina per avaluar i optimitzar la gestió | F41: 06.2.3 | G41: Conèixer els usos i factors de canvi rellevants en l'evolució dels elements de conservació, i avaluar els efectes que generen en l’espai (pressions i amenaces) | I41: Si | J41: Realització d'un estudi d'avaluació de l'impacte del canvi climàtic en l'ENP i la seva capacitat d'adaptació i resiliència | K41: Sí/No | L41: Àrea tècnica | M41: Tècnic/a | N41: Contractació externa | O41: Fons propis
A42: CONEIXEMENT | B42: 6 | C42: MILLORAR EL CONEIXEMENT DE L'ENTORN, del patrimoni natural, cultural i social. | D42: 06.2 | E42: Conèixer l'estat de conservació i la seva tendència dels hàbitats, les espècies els elements de la gea i els processos ecològics com a eina per avaluar i optimitzar la gestió | F42: 06.2.5 | G42: Participar en el coneixement de la tendència d'espècies plaga amb afectacions sobre ecosistemes o activitats econòmiques dins l'ENP | I42: Si | J42: Seguiment de les poblacions de gavians a l'ENP | K42: Sí/No | L42: Àrea tècnica | M42: Tècnic/a | N42: Mitjans propis | O42: Altres aportacions
A43: CONEIXEMENT | B43: 6 | C43: MILLORAR EL CONEIXEMENT DE L'ENTORN, del patrimoni natural, cultural i social. | D43: 06.2 | E43: Conèixer l'estat de conservació i la seva tendència dels hàbitats, les espècies els elements de la gea i els processos ecològics com a eina per avaluar i optimitzar la gestió | F43: 06.2.6 | G43: Conèixer la tendència d'espècies exòtiques invasores amb afectacions sobre ecosistemes o activitats econòmiques dins l'ENP | I43: Si | J43: Planificació d'estudis de forma coordinada amb el Servei Fauna i Flora | K43: Nombre de reunions | L43: Àrea coordinació | M43: Tècnic coordinador | N43: Mitjans propis | O43: Fons propis
A44: CONEIXEMENT | B44: 6 | C44: MILLORAR EL CONEIXEMENT DE L'ENTORN, del patrimoni natural, cultural i social. | D44: 06.3 | E44: Estandarditzar els seguiments periòdics dels grups clau | F44: 06.3.1 | G44: Participar en la definició del sistema estàndard de seguiment de flora, fauna i hàbitats de la DG | I44: No | J44: Assistència a reunions de coordinació amb la UIC per la definició dels sistemes de seguiment | K44: Nombre de reunions | L44: Àrea coordinació | M44: Tècnic coordinador | N44: Mitjans propis | O44: Fons propis
A45: CONEIXEMENT | B45: 6 | C45: MILLORAR EL CONEIXEMENT DE L'ENTORN, del patrimoni natural, cultural i social. | D45: 06.3 | E45: Estandarditzar els seguiments periòdics dels grups clau | F45: 06.3.2 | G45: Adequar i executar el sistema de seguiment periòdic dels grups clau de l'ENP al sistema estàndard de seguiment | I45: Si | J45: Adaptació del seguiment dels elements claus de l'ENP al Sistema estàndard de seguiment de la UIC | K45: Sí/No | L45: Àrea tècnica | M45: Tècnic/a | N45: Mitjans propis | O45: Fons propis
A46: CONEIXEMENT | B46: 6 | C46: MILLORAR EL CONEIXEMENT DE L'ENTORN, del patrimoni natural, cultural i social. | D46: 06.3 | E46: Estandarditzar els seguiments periòdics dels grups clau | F46: 06.3.2 | G46: Adequar i executar el sistema de seguiment periòdic dels grups clau de l'ENP al sistema estàndard de seguiment | I46: Si | J46: Execució del seguiment de poblacions de nàiades a l'Estany, als recs, a la riera Canaleta i al riu Terri | K46: Sí/No | L46: Àrea tècnica | M46: Tècnic/a | N46: Mitjans propis | O46: Fons propis
A47: CONEIXEMENT | B47: 6 | C47: MILLORAR EL CONEIXEMENT DE L'ENTORN, del patrimoni natural, cultural i social. | D47: 06.3 | E47: Estandarditzar els seguiments periòdics dels grups clau | F47: 06.3.2 | G47: Adequar i executar el sistema de seguiment periòdic dels grups clau de l'ENP al sistema estàndard de seguiment | I47: Si | J47: Execució del seguiment de tortuga d’estany (Emys orbicularis) i tortuga de rierol (Mauremys leprosa) | K47: Sí/No | L47: Àrea tècnica | M47: Tècnic/a | N47: Mitjans propis | O47: Fons propis
A48: CONEIXEMENT | B48: 6 | C48: MILLORAR EL CONEIXEMENT DE L'ENTORN, del patrimoni natural, cultural i social. | D48: 06.3 | E48: Estandarditzar els seguiments periòdics dels grups clau | F48: 06.3.2 | G48: Adequar i executar el sistema de seguiment periòdic dels grups clau de l'ENP al sistema estàndard de seguiment | I48: Si | J48: Execució del seguiment de la falguera dels pantans (Thelypteris palustris) | K48: Sí/No | L48: Àrea tècnica | M48: Tècnic/a | N48: Mitjans propis | O48: Fons propis
... A68: DESENVOLUPAMENT LOCAL | B68: 8 | C68: APROFITAR ELS RECURSOS NATURALS DE FORMA SOSTENIBLE mitjançant desenvolupament dels aprofitaments tradicionals de forma compatible amb la conservació de l'espai | D68: 08.4 | E68: Contribuir a una correcta planificació i gestió dels recursos cinegètics i piscícoles de forma compatible amb els valors de l'ENP | F68: 08.4.3 | G68: Gestió activa de l'ENP de poblacions que generen danys a les activitats econòmiques de l'ENP | I68: Si | J68: Gestió directa d'espècies cinegètiques que generen danys a l'activitat agrària (senglar, cabirol, conill) amb col·laboració amb les Societats de Caçadors i amb el Cos d'Agents Rurals | K68: Nombre d'actuacions | L68: Àrea tècnica | M68: Tècnic/a | N68: Mitjans propis | O68: Fons propis
A69: DESENVOLUPAMENT LOCAL | B69: 9 | C69: FOMENTAR UN TURISME SOSTENIBLE compatible amb la conservació de l'espai | D69: 09.2 | E69: Promoure la coordinació amb els agents turístics del territori (empreses, industries, administració). | F69: 09.2.1 | G69: Treballar amb les empreses del sector lúdic-esportiu i turístic per impulsar el desenvolupament local sostenible | H69: S'adapta a l'ENP | I69: Si | J69: Creació i manteniment d'una base de dades amb el mapa d’agents socioeconòmics de l’ENP (sector terciari) | K69: Sí/No | L69: Àrea tècnica | M69: Tècnic/a | N69: Mitjans propis | O69: Fons propis
A70: DESENVOLUPAMENT LOCAL | B70: 9 | C70: FOMENTAR UN TURISME SOSTENIBLE compatible amb la conservació de l'espai | D70: 09.2 | E70: Promoure la coordinació amb els agents turístics del territori (empreses, industries, administració). | F70: 09.2.1 | G70: Treballar amb les empreses del sector lúdic-esportiu i turístic per impulsar el desenvolupament local sostenible | H70: S'adapta a l'ENP | I70: Si | J70: Establiment de canals de comunicació i coordinació amb els agents socioeconòmics clau del territori (sector terciari) | K70: Nombre de reunions | L70: Àrea coordinació | M70: Tècnic coordinador | N70: Mitjans propis | O70: Fons propis
A71: ÚS PÚBLIC I SOCIAL | B71: 10 | C71: ORDENAR ELS USOS I APROFITAMENTS per garantir l'equilibri de les activitats humanes amb la conservació de la biodiversitat | D71: 10.1 | E71: Estandarditzar de regulació d'usos i aprofitaments en base al model de Pla de protecció | F71: 10.1.1 | G71: Establir un model de construcció a l'ENP | H71: S'adapta a l'ENP | I71: Si | J71: Redactar una proposta de directrius de protecció de marges dels camins i de regulació de tancats en el Sòl No Urbanitzable de l'ENP | K71: Sí/No | L71: Àrea tècnica | M71: Tècnic/a | N71: Contractació externa | O71: Fons propis
A72: ÚS PÚBLIC I SOCIAL | B72: 11 | C72: ORDENAR L'ÚS PÚBLIC I SOCIAL per a la protecció dels hàbitats, espècies i elements geològics | D72: 11.1 | E72: Estandarditzar regulació de l’ús públic i social en base al model acordat per govern | F72: 11.1.12 | G72: Regular les activitats d'educació ambiental i el lleure educatiu | I72: Si | J72: Redacció d'un document de directrius tècniques de bones pràctiques per les activitats d'educació ambiental i el lleure educatiu | K72: Sí/No | L72: Àrea tècnica | M72: Tècnic/a | N72: Contractació externa | O72: Fons propis
A73: ÚS PÚBLIC I SOCIAL | B73: 11 | C73: ORDENAR L'ÚS PÚBLIC I SOCIAL per a la protecció dels hàbitats, espècies i elements geològics | D73: 11.1 | E73: Estandarditzar regulació de l’ús públic i social en base al model acordat per govern | F73: 11.1.4 | G73: Regular les curses i altres activitats esportives organitzades en base a la normativa dels Ens locals i la Generalitat de Catalunya | H73: S'adapta a l'ENP | I73: No | J73: Assessorament i ajuda tècnica als ajuntaments i als serveis tècnics de la Generalitat en el procés d'autorització de curses i altres activitats esportives organitzades dins l'ENP | K73: Sí/No | L73: Àrea coordinació | M73: Tècnic coordinador | N73: Mitjans propis | O73: Fons propis
A74: ÚS PÚBLIC I SOCIAL | B74: 11 | C74: ORDENAR L'ÚS PÚBLIC I SOCIAL per a la protecció dels hàbitats, espècies i elements geològics | D74: 11.1 | E74: Estandarditzar regulació de l’ús públic i social en base al model acordat per govern | F74: 11.1.5 | G74: Regular els enregistraments i l'observació de fauna i natura en base a la normativa de la Generalitat de Catalunya i els Ens locals | H74: S'adapta a l'ENP | I74: No | J74: Assessorament i ajuda tècnica als ajuntaments i als serveis tècnics de la Generalitat en el procés d'autorització d'enregistraments i observació de fauna i natura dins l'ENP | K74: Sí/No | L74: Àrea coordinació | M74: Tècnic coordinador | N74: Mitjans propis | O74: Fons propis
A75: ÚS PÚBLIC I SOCIAL | B75: 11 | C75: ORDENAR L'ÚS PÚBLIC I SOCIAL per a la protecció dels hàbitats, espècies i elements geològics | D75: 11.1 | E75: Estandarditzar regulació de l’ús públic i social en base al model acordat per govern | F75: 11.1.6 | G75: Regular les activitats científiques en base a la normativa de la Generalitat de Catalunya i els Ens locals | H75: S'adapta a l'ENP | I75: No | J75: Assessorament i ajuda tècnica als ajuntaments i als serveis tècnics de la Generalitat en el procés d'autorització d'activitats científiques dins l'ENP | K75: Sí/No | L75: Àrea coordinació | M75: Tècnic coordinador | N75: Mitjans propis | O75: Fons propis
A76: ÚS PÚBLIC I SOCIAL | B76: 11 | C76: ORDENAR L'ÚS PÚBLIC I SOCIAL per a la protecció dels hàbitats, espècies i elements geològics | D76: 11.2 | E76: Disposar de la xarxa viària i itineraris oficials de l'ENP | F76: 11.2.1 | G76: Identificar i classificar la xarxa viària bàsica, secundària, senders i itineraris senyalitzats d'acord amb els ajuntaments | I76: Si | J76: Creació d'una base de dades cartogràfica de la xarxa d'itineraris oficial i categoritzada per tipus d'ús per on es poden realitzar activitats (curses a peu, en bicicleta, etc.) | K76: Sí/No | L76: Àrea tècnica | M76: Tècnic/a | N76: Contractació externa | O76: Fons propis
A77: ÚS PÚBLIC I SOCIAL | B77: 11 | C77: ORDENAR L'ÚS PÚBLIC I SOCIAL per a la protecció dels hàbitats, espècies i elements geològics | D77: 11.3 | E77: Implementar el protocol estandarditzat basat en el pla per la regulació al accés, circulació i ús de la xarxa viària | F77: 11.3.1 | G77: Regular l'accés i la circulació | H77: Regulació existent en base al decret 166/1998 i la llei 9/1995 | I77: Si | J77: Vigilància del compliment de la normativa d'accés motoritzat al medi natural | K77: Sí/No | L77: Àrea tècnica | M77: Tècnic/a | N77: Mitjans propis | O77: Fons propis
A78: ÚS PÚBLIC I SOCIAL | B78: 11 | C78: ORDENAR L'ÚS PÚBLIC I SOCIAL per a la protecció dels hàbitats, espècies i elements geològics | D78: 11.3 | E78: Implementar el protocol estandarditzat basat en el pla per la regulació al accés, circulació i ús de la xarxa viària | F78: 11.3.2 | G78: Regular la xarxa viària principal, secundària i restringida | H78: Només es pot fer amb normativa municipal | I78: Si | J78: Vigilància del compliment de la normativa regulatòria municipal | K78: Sí/No | L78: Àrea tècnica | M78: Tècnic/a | N78: Mitjans propis | O78: Fons propis
A79: ÚS PÚBLIC I SOCIAL | B79: 11 | C79: ORDENAR L'ÚS PÚBLIC I SOCIAL per a la protecció dels hàbitats, espècies i elements geològics | D79: 11.3 | E79: Implementar el protocol estandarditzat basat en el pla per la regulació al accés, circulació i ús de la xarxa viària | F79: 11.3.3 | G79: Regular l'ús de drons, l'enlairament i l'aterratge | H79: El Consorci no n'és competent | I79: Si | J79: Impuls perquè la Generalitat redacti un protocol de directrius de regulació de drons, d'enlairament i aterratge a l'ENP | K79: Assistència a reunions | L79: Àrea coordinació | M79: Tècnic coordinador | N79: Mitjans propis | O79: Fons propis
A80: ÚS PÚBLIC I SOCIAL | B80: 11 | C80: ORDENAR L'ÚS PÚBLIC I SOCIAL per a la protecció dels hàbitats, espècies i elements geològics | D80: 11.3 | E80: Implementar el protocol estandarditzat basat en el pla per la regulació al accés, circulació i ús de la xarxa viària | F80: 11.3.3 | G80: Regular l'ús de drons, l'enlairament i l'aterratge | H80: El Consorci no n'és competent | I80: Si | J80: Vigilància del compliment de la normativa regulatòria municipal | K80: Sí/No | L80: Àrea coordinació | M80: Tècnic coordinador | N80: Mitjans propis | O80: Fons propis
A81: ÚS PÚBLIC I SOCIAL | B81: 11 | C81: ORDENAR L'ÚS PÚBLIC I SOCIAL per a la protecció dels hàbitats, espècies i elements geològics | D81: 11.3 | E81: Implementar el protocol estandarditzat basat en el pla per la regulació al accés, circulació i ús de la xarxa viària | F81: 11.3.5 | G81: Regular l'aparcament de vehicles | H81: El Consorci no n'és competent | I81: Si | J81: Treball conjunt amb els ajuntaments i vigilància del compliment de la normativa regulatòria municipal | K81: Sí/No | L81: Àrea coordinació | M81: Tècnic coordinador | N81: Mitjans propis | O81: Fons propis
A82: ÚS PÚBLIC I SOCIAL | B82: 11 | C82: ORDENAR L'ÚS PÚBLIC I SOCIAL per a la protecció dels hàbitats, espècies i elements geològics | D82: 11.5 | E82: Mantenir i millorar la senyalització de l'ENP | F82: 11.5.1 | G82: Realitzar l'inventari de senyalètica de l'ENP | I82: Si | J82: Realització i actualització una base de dades SIG de l'inventari de senyalètica de l'ENP | K82: Sí/No | L82: Àrea coordinació | M82: Tècnic coordinador | N82: Contractació externa | O82: Fons propis
A83: ÚS PÚBLIC I SOCIAL | B83: 11 | C83: ORDENAR L'ÚS PÚBLIC I SOCIAL per a la protecció dels hàbitats, espècies i elements geològics | D83: 11.5 | E83: Mantenir i millorar la senyalització de l'ENP | F83: 11.5.2 | G83: Implantar el programa de senyalització i manteniment | I83: Si | J83: Redacció d'un programa per la instal·lació i manteniment de la senyalètica de l'ENP | K83: Sí/No | L83: Àrea coordinació | M83: Tècnic coordinador | N83: Contractació externa | O83: Fons propis
A84: ÚS PÚBLIC I SOCIAL | B84: 11 | C84: ORDENAR L'ÚS PÚBLIC I SOCIAL per a la protecció dels hàbitats, espècies i elements geològics | D84: 11.5 | E84: Mantenir i millorar la senyalització de l'ENP | F84: 11.5.2 | G84: Implantar el programa de senyalització i manteniment | I84: Si | J84: Manteniment de la senyalització de l'ENP | K84: Sí/No | L84: Àrea tècnica | M84: Tècnic/a | N84: Contractació externa | O84: Fons propis
A85: ÚS PÚBLIC I SOCIAL | B85: 11 | C85: ORDENAR L'ÚS PÚBLIC I SOCIAL per a la protecció dels hàbitats, espècies i elements geològics | D85: 11.6 | E85: Prevenir i gestionar els impactes derivats de la sobrefreqüentació | F85: 11.6.2 | G85: Impulsar les mesures extraordinàries de regulació de l'ús públic | H85: El Consorci no n'és competent. S'adapta el text a l'espai | I85: Si | J85: Realització de reunions de coordinació amb tècnics municipals i tècnics de la Generalitat per l'aplicació de mesures extraordinàries de regulació d'ús públic de l'ENP | K85: Sí/No | L85: Àrea coordinació | M85: Tècnic coordinador | N85: Mitjans propis | O85: Fons propis
A86: ÚS PÚBLIC I SOCIAL | B86: 11 | C86: ORDENAR L'ÚS PÚBLIC I SOCIAL per a la protecció dels hàbitats, espècies i elements geològics | D86: 11.7 | E86: Ordenar i estandarditzar els espais d'acollida de visitants i equipaments d'ús públic, i garantir un correcte servei d'atenció i acollida dels visitants | F86: 11.7.1 | G86: Adequar els principals accessos, aparcaments i centres d'interès amb un ús elevat | I86: Si | J86: Redacció del pla d’ordenació de l’acollida dels visitants i de participants en esdeveniments | K86: Sí/No | L86: Àrea tècnica | M86: Tècnic/a | N86: Contractació externa | O86: Fons propis
A87: ÚS PÚBLIC I SOCIAL | B87: 11 | C87: ORDENAR L'ÚS PÚBLIC I SOCIAL per a la protecció dels hàbitats, espècies i elements geològics | D87: 11.7 | E87: Ordenar i estandarditzar els espais d'acollida de visitants i equipaments d'ús públic, i garantir un correcte servei d'atenció i acollida dels visitants | F87: 11.7.2 | G87: Disposar dels equipaments i infraestructures necessàries i accessibles per acollir, informar, facilitar la visita i garantir la seguretat dels visitants i la protecció de l'entorn | I87: Si | J87: Manteniment de la xarxa de camins i carreteres tant pel que fa a la vegetació dels marges com del ferm | K87: Sí/No | L87: Àrea tècnica | M87: Tècnic/a | N87: Contractació externa | O87: Fons propis
A88: ÚS PÚBLIC I SOCIAL | B88: 11 | C88: ORDENAR L'ÚS PÚBLIC I SOCIAL per a la protecció dels hàbitats, espècies i elements geològics | D88: 11.7 | E88: Ordenar i estandarditzar els espais d'acollida de visitants i equipaments d'ús públic, i garantir un correcte servei d'atenció i acollida dels visitants | F88: 11.7.2 | G88: Disposar dels equipaments i infraestructures necessàries i accessibles per acollir, informar, facilitar la visita i garantir la seguretat dels visitants i la protecció de l'entorn | I88: Si | J88: Manteniment del mobiliari existent (passeres i ponts, miradors, senyals, tanques i barreres, papereres, etc.) | K88: Sí/No | L88: Àrea tècnica | M88: Tècnic/a | N88: Contractació externa | O88: Fons propis
A89: ÚS PÚBLIC I SOCIAL | B89: 11 | C89: ORDENAR L'ÚS PÚBLIC I SOCIAL per a la protecció dels hàbitats, espècies i elements geològics | D89: 11.7 | E89: Ordenar i estandarditzar els espais d'acollida de visitants i equipaments d'ús públic, i garantir un correcte servei d'atenció i acollida dels visitants | F89: 11.7.2 | G89: Disposar dels equipaments i infraestructures necessàries i accessibles per acollir, informar, facilitar la visita i garantir la seguretat dels visitants i la protecció de l'entorn | I89: Si | J89: Manteniment de la vegetació de prats i arbrat en zones concorregudes (segues d'alta intensitat, podes i retirada de restes vegetals) | K89: Sí/No | L89: Àrea tècnica | M89: Tècnic/a | N89: Contractació externa | O89: Fons propis
A90: ÚS PÚBLIC I SOCIAL | B90: 11 | C90: ORDENAR L'ÚS PÚBLIC I SOCIAL per a la protecció dels hàbitats, espècies i elements geològics | D90: 11.7 | E90: Ordenar i estandarditzar els espais d'acollida de visitants i equipaments d'ús públic, i garantir un correcte servei d'atenció i acollida dels visitants | F90: 11.7.2 | G90: Disposar dels equipaments i infraestructures necessàries i accessibles per acollir, informar, facilitar la visita i garantir la seguretat dels visitants i la protecció de l'entorn | I90: Si | J90: Participació en el manteniment de les infraestructures esportives dins l'aigua de l'Estany de Banyoles | K90: Sí/No | L90: Àrea tècnica | M90: Tècnic/a | N90: Contractació externa | O90: Fons propis
A91: ÚS PÚBLIC I SOCIAL | B91: 11 | C91: ORDENAR L'ÚS PÚBLIC I SOCIAL per a la protecció dels hàbitats, espècies i elements geològics | D91: 11.7 | E91: Ordenar i estandarditzar els espais d'acollida de visitants i equipaments d'ús públic, i garantir un correcte servei d'atenció i acollida dels visitants | F91: 11.7.2 | G91: Disposar dels equipaments i infraestructures necessàries i accessibles per acollir, informar, facilitar la visita i garantir la seguretat dels visitants i la protecció de l'entorn | I91: Si | J91: Manteniment de la vegetació aquàtica en espais d'infraestructures esportives i d'activitats lúdic-esportives dins l'aigua de l'Estany de Banyoles | K91: Sí/No | L91: Àrea tècnica | M91: Tècnic/a | N91: Contractació externa | O91: Fons propis
A92: ÚS PÚBLIC I SOCIAL | B92: 11 | C92: ORDENAR L'ÚS PÚBLIC I SOCIAL per a la protecció dels hàbitats, espècies i elements geològics | D92: 11.7 | E92: Ordenar i estandarditzar els espais d'acollida de visitants i equipaments d'ús públic, i garantir un correcte servei d'atenció i acollida dels visitants | F92: 11.7.2 | G92: Disposar dels equipaments i infraestructures necessàries i accessibles per acollir, informar, facilitar la visita i garantir la seguretat dels visitants i la protecció de l'entorn | I92: Si | J92: Redacció d'un document per l'adaptació dels equipaments i infraestructures a persones amb diversitat funcional | K92: Sí/No | L92: Àrea tècnica | M92: Tècnic/a | N92: Contractació externa | O92: Fons propis
A93: ÚS PÚBLIC I SOCIAL | B93: 11 | C93: ORDENAR L'ÚS PÚBLIC I SOCIAL per a la protecció dels hàbitats, espècies i elements geològics | D93: 11.8 | E93: Garantir el compliment de la normativa dins els ENP, especialment en l'accés motoritzat, zones amb hiperfrequentació i elements amb aprofitament comercial | F93: 11.8.2 | G93: Millorar la coordinació amb els cossos de seguretat per efectuar accions de control i vigilància | I93: Si | J93: Redactar un protocol tècnic de col·laboració amb els cossos d’inspecció i seguretat (Identificació dels punts clau de vigilància, el calendari i els recursos necessaris) i actualització anual | K93: Sí/No | L93: Àrea coordinació | M93: Tècnic coordinador | N93: Mitjans propis | O93: Fons propis
A94: ÚS PÚBLIC I SOCIAL | B94: 11 | C94: ORDENAR L'ÚS PÚBLIC I SOCIAL per a la protecció dels hàbitats, espècies i elements geològics | D94: 11.8 | E94: Garantir el compliment de la normativa dins els ENP, especialment en l'accés motoritzat, zones amb hiperfrequentació i elements amb aprofitament comercial | F94: 11.8.3 | G94: Vetllar pel compliment d'informes i la vigilància tècnica de l'espai | I94: Si | J94: Seguiment dels informes que afecten l'ENP emesos pels Serveis Territorials de Girona (Direcció General) i dels ajuntaments | K94: Sí/No | L94: Àrea tècnica | M94: Tècnic/a | N94: Mitjans propis | O94: Fons propis
A95: EDUCACIÓ, VOLUNTARIAT I COMUNICACIÓ | B95: 13 | C95: FORMAR I SENSIBILITZAR la població incrementant la valoració i estima social de l'ENP | D95: 13.2 | E95: Promoure una oferta pedagògica basada en metodologies innovadores i actives que estiguin alineades amb el currículum educatiu del Departament d'Educació | F95: 13.2.4 | G95: Oferir projectes de recerca vinculats a l'espai natural per a l'alumnat universitari i de la XEEN | I95: Si | J95: Oferta de places a les Universitats i Centres Educatius per el desenvolupament de pràctiques curriculars i projectes de recerca i acompanyament de l'alumnat | K95: Alumnes acollits | L95: Àrea coordinació | M95: Tècnic coordinador | N95: Mitjans propis | O95: Fons propis
A96: EDUCACIÓ, VOLUNTARIAT I COMUNICACIÓ | B96: 13 | C96: FORMAR I SENSIBILITZAR la població incrementant la valoració i estima social de l'ENP | D96: 13.4 | E96: Desplegar un programa de divulgació i sensibilització per a visitants | F96: 13.4.1 | G96: Desplegar en el territori les campanyes de sensibilització i bones pràctiques que s'impulsin des de la DG | I96: No | J96: Participació en les campanyes de la Direcció General | K96: Sí/No | L96: Àrea tècnica | M96: Tècnic/a | N96: Mitjans propis | O96: Fons propis
A97: EDUCACIÓ, VOLUNTARIAT I COMUNICACIÓ | B97: 13 | C97: FORMAR I SENSIBILITZAR la població incrementant la valoració i estima social de l'ENP | D97: 13.4 | E97: Desplegar un programa de divulgació i sensibilització per a visitants | F97: 13.4.2 | G97: Adaptar el programa de divulgació i sensibilització de l'ENP perquè incorpori una oferta d’activitats adequada per a famílies | I97: Si | J97: Redacció d'un programa de divulgació i sensibilització de l'ENP (famílies) | K97: Sí/No | L97: Àrea tècnica | M97: Tècnic/a | N97: Contractació externa | O97: Fons propis
... A121: GESTIÓ I ADMINISTRACIÓ | B121: 16 | C121: MILLORAR L'EFICIÈNCIA de la gestió administrativa | D121: 16.1 | E121: Optimitzar l'aplicació pressupostaria | F121: 16.1.1 | G121: Millorar el sistema de control de l'execució del pressupost d'acord amb les indicacions de l'administració d'adscripció. | I121: Si | J121: Aprovació del document de la Liquidació Anual | K121: Sí/No | L121: Presidència | M121: President | N121: Mitjans propis | O121: Fons propis
A122: GESTIÓ I ADMINISTRACIÓ | B122: 16 | C122: MILLORAR L'EFICIÈNCIA de la gestió administrativa | D122: 16.1 | E122: Optimitzar l'aplicació pressupostaria | F122: 16.1.1 | G122: Millorar el sistema de control de l'execució del pressupost d'acord amb les indicacions de l'administració d'adscripció. | I122: Si | J122: Redacció del document anual del Compte General | K122: Sí/No | L122: Intervenció | M122: Interventora | O122: Fons propis
A123: GESTIÓ I ADMINISTRACIÓ | B123: 16 | C123: MILLORAR L'EFICIÈNCIA de la gestió administrativa | D123: 16.1 | E123: Optimitzar l'aplicació pressupostaria | F123: 16.1.1 | G123: Millorar el sistema de control de l'execució del pressupost d'acord amb les indicacions de l'administració d'adscripció. | I123: Si | J123: Aprovació del document anual del Compte General | K123: Sí/No | L123: Presidència | M123: President | N123: Mitjans propis | O123: Fons propis
A124: GESTIÓ I ADMINISTRACIÓ | B124: 16 | C124: MILLORAR L'EFICIÈNCIA de la gestió administrativa | D124: 16.1 | E124: Optimitzar l'aplicació pressupostaria | F124: 16.1.1 | G124: Millorar el sistema de control de l'execució del pressupost, d'acord amb les indicacions de Serveis Centrals de la Generalitat de Catalunya | I124: Si | J124: Participació en els espais de coordinació entre ENP per identificar les despeses comunes tramitables a càrrec del pressupost de la DG | K124: Nombre de reunions | L124: Àrea coordinació | M124: Tècnic coordinador | N124: Mitjans propis | O124: Fons propis
A125: GESTIÓ I ADMINISTRACIÓ | B125: 16 | C125: MILLORAR L'EFICIÈNCIA de la gestió administrativa | D125: 16.2 | E125: Planificar i optimitzar els processos de contractació, concessió d'ajuts, i les col·laboracions amb ens públics i privats | F125: 16.2.1 | G125: Detectar i planificar les necessitats de contractació del l'ENP per a l'optimització dels contractes a nivell de Xarxa o altres administracions | H125: Planificar les necessitats de contractació del l'ENP per a l'optimització dels contractes a nivell de Xarxa | I125: Si | J125: Detectar i planificar els processos de contractació conjunta per a la seva optimització. | K125: Nombre de reunions | L125: Àrea coordinació | M125: Tècnic coordinador | N125: Mitjans propis | O125: Fons propis
A126: GESTIÓ I ADMINISTRACIÓ | B126: 16 | C126: MILLORAR L'EFICIÈNCIA de la gestió administrativa | D126: 16.2 | E126: Planificar i optimitzar els processos de contractació, concessió d'ajuts, i les col·laboracions amb ens públics i privats | F126: 16.2.1 | G126: Detectar i planificar les necessitats de contractació del l'ENP per a l'optimització dels contractes a nivell de Xarxa o altres administracions | H126: Planificar les necessitats de contractació del l'ENP per a l'optimització dels contractes a nivell de Xarxa | I126: Si | J126: Contractació conjunta de necessitats comunes (llum, telecomunicacions, assegurances, combustibles, seguiments, vigilància, etc.) | K126: Nombre de contractes agrupats | L126: Secretaria | M126: Secretària | N126: Mitjans propis | O126: Fons propis
A127: GESTIÓ I ADMINISTRACIÓ | B127: 16 | C127: MILLORAR L'EFICIÈNCIA de la gestió administrativa | D127: 16.2 | E127: Planificar i optimitzar els processos de contractació, concessió d'ajuts, i les col·laboracions amb ens públics i privats | F127: 16.2.1 | G127: Detectar i planificar les necessitats de contractació del l'ENP per a l'optimització dels contractes a nivell de Xarxa o altres administracions | I127: Si | J127: Revisió amb una antelació mínima de 6 mesos les necessitats de contractació per augmentar l'eficiència de la tramitació i disposar d'un marge de maniobra davant qualsevol eventualitat | K127: Sí/No | L127: Àrea d'administració | M127: Gestora administrativa | N127: Mitjans propis | O127: Fons propis
A128: GESTIÓ I ADMINISTRACIÓ | B128: 16 | C128: MILLORAR L'EFICIÈNCIA de la gestió administrativa | D128: 16.2 | E128: Planificar i optimitzar els processos de contractació, concessió d'ajuts, i les col·laboracions amb ens públics i privats | F128: 16.2.2 | G128: Planificar i detectar les tasques de convocatòries d'ajuts de l'ENP | I128: Si | J128: Prevenció amb una antelació mínima de 6 mesos les convocatòries d'ajuts per augmentar l'eficiència de la tramitació i disposar de marge de maniobra davant qualsevol eventualitat | K128: Sí/No | L128: Àrea coordinació | M128: Tècnic coordinador | N128: Mitjans propis | O128: Fons propis
A129: GESTIÓ I ADMINISTRACIÓ | B129: 16 | C129: MILLORAR L'EFICIÈNCIA de la gestió administrativa | D129: 16.2 | E129: Planificar i optimitzar els processos de contractació, concessió d'ajuts, i les col·laboracions amb ens públics i privats | F129: 16.2.2 | G129: Planificar i detectar les tasques de convocatòries d'ajuts de l'ENP | I129: Si | J129: Treball amb SSCC per adaptar les convocatòries d'ajuts a les necessitats de l'ENP | K129: Nombre de reunions | L129: Àrea coordinació | M129: Tècnic coordinador | N129: Mitjans propis | O129: Fons propis
A130: GESTIÓ I ADMINISTRACIÓ | B130: 16 | C130: MILLORAR L'EFICIÈNCIA de la gestió administrativa | D130: 16.2 | E130: Planificar i optimitzar els processos de contractació, concessió d'ajuts, i les col·laboracions amb ens públics i privats | F130: 16.2.3 | G130: Establir i renovar en temps i forma convenis de col·laboració, convenis marc, acords, protocols i altres instruments de col·laboració. | I130: Si | J130: Disposició d'un llistat actualitzat de convenis i altres instruments de col·laboració vigents i planificar les pròrrogues que es requereixin | K130: Sí/No | L130: Àrea d'administració | M130: Gestora administrativa | N130: Mitjans propis | O130: Fons propis
A131: GESTIÓ I ADMINISTRACIÓ | B131: 16 | C131: MILLORAR L'EFICIÈNCIA de la gestió administrativa | D131: 16.2 | E131: Planificar i optimitzar els processos de contractació, concessió d'ajuts, i les col·laboracions amb ens públics i privats | F131: 16.2.3 | G131: Establir i renovar en temps i forma convenis de col·laboració, convenis marc, acords, protocols i altres instruments de col·laboració. | I131: Si | J131: Establiment nous acords de col·laboració entre administracions, entitats privades i/o persones | K131: Nombre d'acords establerts | L131: Àrea coordinació | M131: Tècnic coordinador | N131: Mitjans propis | O131: Fons propis
A132: GESTIÓ I ADMINISTRACIÓ | B132: 16 | C132: MILLORAR L'EFICIÈNCIA de la gestió administrativa | D132: 16.2 | E132: Planificar i optimitzar els processos de contractació, concessió d'ajuts, i les col·laboracions amb ens públics i privats | F132: 16.2.3 | G132: Establir i renovar en temps i forma convenis de col·laboració, convenis marc, acords, protocols i altres instruments de col·laboració. | I132: Si | J132: Renovació dels convenis caducats dins l'exercici | K132: Nombre de convenis renovats | L132: Àrea coordinació | M132: Tècnic coordinador | N132: Mitjans propis | O132: Fons propis
A133: GESTIÓ I ADMINISTRACIÓ | B133: 16 | C133: MILLORAR L'EFICIÈNCIA de la gestió administrativa | D133: 16.2 | E133: Agilitzar, incrementar l'eficiència i incrementar l’assoliment dels procediments administratius | F133: 16.3.2 | G133: Adequar i actualitzar els procediments i tramitacions realitzats des de l'ENP als nous processos i eines conjuntes proposades des de Serveis Centrals | I133: Si | J133: Implementació de bases de dades dels Serveis Centrals (SINATCAT, Harmony, etc) | K133: Sí/No | L133: Àrea tècnica | M133: Tècnic/a | N133: Mitjans propis | O133: Fons propis
A134: GESTIÓ I ADMINISTRACIÓ | B134: 16 | C134: MILLORAR L'EFICIÈNCIA de la gestió administrativa | D134: 16.3 | E134: Agilitzar, incrementar l'eficiència i incrementar l’assoliment dels procediments administratius | F134: 16.3.1 | G134: Optimitzar l'elaboració d'informes | I134: Si | J134: Elaboració d'informes interns de gestió administrativa | K134: Nombre d'informes administratius | L134: Àrea d'administració | M134: Gestora administrativa | N134: Mitjans propis | O134: Fons propis
A135: GESTIÓ I ADMINISTRACIÓ | B135: 16 | C135: MILLORAR L'EFICIÈNCIA de la gestió administrativa | D135: 16.3 | E135: Agilitzar, incrementar l'eficiència i incrementar l’assoliment dels procediments administratius | F135: 16.3.1 | G135: Optimitzar l'elaboració d'informes | I135: Si | J135: Elaboració d'informes interns tècnics | K135: Nombre d'informes tècnics | L135: Àrea coordinació | M135: Tècnic coordinador | N135: Mitjans propis | O135: Fons propis
A136: GESTIÓ I ADMINISTRACIÓ | B136: 16 | C136: MILLORAR L'EFICIÈNCIA de la gestió administrativa | D136: 16.3 | E136: Agilitzar, incrementar l'eficiència i incrementar l’assoliment dels procediments administratius | F136: 16.3.1 | G136: Optimitzar l'elaboració d'informes | H136: Assessorament en l'elaboració d'informes preceptius de la Generalitat o amb els ens integrants del Consorci | I136: Si | J136: Optimització la comunicació i acompanyament durant els processos administratius amb els ens integrants del Consorci | K136: Nombre d'expedients assessorats | L136: Àrea coordinació | M136: Tècnic coordinador | N136: Mitjans propis | O136: Fons propis
A137: GESTIÓ I ADMINISTRACIÓ | B137: 16 | C137: MILLORAR L'EFICIÈNCIA de la gestió administrativa | D137: 16.3 | E137: Agilitzar, incrementar l'eficiència i incrementar l’assoliment dels procediments administratius | F137: 16.3.2 | G137: Adequar i actualitzar els procediments i tramitacions realitzats des de l'ENP als nous processos i eines conjuntes proposades des de l'administració d'adscripció | I137: Si | J137: Implementació i actualització del gestor d'expedients | K137: Sí/No | L137: Àrea d'administració | M137: Gestora administrativa | N137: Mitjans propis | O137: Fons propis
A138: GESTIÓ I ADMINISTRACIÓ | B138: 16 | C138: MILLORAR L'EFICIÈNCIA de la gestió administrativa | D138: 16.3 | E138: Agilitzar, incrementar l'eficiència i incrementar l’assoliment dels procediments administratius | F138: 16.3.3 | G138: Augmentar el coneixement de l'equip de treball en matèria de procediment administratiu | I138: Si | J138: Formació interna de l'equip administratiu i tècnic de l'ENP per adquirir coneixements bàsics en temes prioritaris (comptabilitat, contractació, tramitació electrònica, accessibilitat i transparència, propietat intel·lectual) i processos de tramitació (peticions informació genèrica, sol·licituds accés informació ambiental) | K138: Nombre de cursos | L138: Direcció | M138: Director | N138: Contractació externa | O138: Fons propis
A139: GESTIÓ I ADMINISTRACIÓ | B139: 16 | C139: MILLORAR L'EFICIÈNCIA de la gestió administrativa | D139: 16.3 | E139: Agilitzar, incrementar l'eficiència i incrementar l’assoliment dels procediments administratius | F139: 16.3.4 | G139: Garantir la transparència administrativa | I139: Si | J139: Difusió o permís a l'accés a la informació pública (Seu electrònica i a la WEB) | K139: Sí/No | L139: Àrea d'administració | M139: Gestora administrativa | N139: Mitjans propis | O139: Fons propis
A140: GESTIÓ I ADMINISTRACIÓ | B140: 16 | C140: MILLORAR L'EFICIÈNCIA de la gestió administrativa | D140: 16.3 | E140: Agilitzar, incrementar l'eficiència i incrementar l’assoliment dels procediments administratius | F140: 16.3.4 | G140: Garantir la transparència administrativa | I140: Si | J140: Atenció a les sol·licituds d'informació | K140: Nombre de sol·licituds | L140: Àrea d'administració | M140: Gestora administrativa | N140: Mitjans propis | O140: Fons propis
A141: GESTIÓ I ADMINISTRACIÓ | B141: 16 | C141: MILLORAR L'EFICIÈNCIA de la gestió administrativa | D141: 16.3 | E141: Agilitzar, incrementar l'eficiència i incrementar l’assoliment dels procediments administratius | F141: 16.3.5 | G141: Millorar i mantenir el material i infraestructures de gestió | I141: Si | J141: Millora, manteniment dels equips informàtics i telecomunicacions i compra de material d'oficina | K141: Sí/No | L141: Àrea d'administració | M141: Gestora administrativa | N141: Contractació externa | O141: Fons propis
A142: GESTIÓ I ADMINISTRACIÓ | B142: 16 | C142: MILLORAR L'EFICIÈNCIA de la gestió administrativa | D142: 16.4 | E142: Ordenar l'estat dels béns patrimonials | F142: 16.4.1 | G142: Revisar l’estat dels béns patrimonials i la situació administrativa-legal dels equipaments del Consorci | I142: Si | J142: Actualització de l'inventari de béns patrimonials del Consorci | K142: Sí/No | L142: Àrea d'administració | M142: Gestora administrativa | N142: Mitjans propis | O142: Fons propis
A143: GESTIÓ I ADMINISTRACIÓ | B143: 16 | C143: MILLORAR L'EFICIÈNCIA de la gestió administrativa | D143: 16.4 | E143: Ordenar l'estat dels béns patrimonials | F143: 16.4.2 | G143: Tenir cobertes les pèrdues o danys materials del patrimoni del Consorci | I143: Si | J143: Disposició de les assegurances de danys patrimonials (inclosos laboratori i magatzems), vehicles i de tercers | K143: Sí/No | L143: Àrea d'administració | M143: Gestora administrativa | N143: Mitjans propis | O143: Fons propis
A144: GESTIÓ I ADMINISTRACIÓ | B144: 16 | C144: MILLORAR L'EFICIÈNCIA de la gestió administrativa | D144: 16.5 | E144: Ordenar l'estat dels béns patrimonials | F144: 16.4.1 | G144: Revisar l’estat dels béns patrimonials i la situació administrativa-legal dels equipaments del Consorci | I144: Si | J144: Creació i actualització de l'inventari de les finques públiques en contracte de custòdia de gestió del Consorci | K144: Sí/No | L144: Àrea tècnica | M144: Tècnic/a | N144: Mitjans propis | O144: Fons propis
A145: GESTIÓ I ADMINISTRACIÓ | B145: 16 | C145: MILLORAR L'EFICIÈNCIA de la gestió administrativa | D145: 16.6 | E145: Estructurar la gestió documental | F145: 16.5.1 | G145: Millorar l'accessibilitat i la gestió documental del Consorci | I145: Si | J145: Catalogació i digitalització del fons documental | K145: Sí/No | L145: Àrea d'administració | M145: Gestora administrativa | N145: Mitjans propis | O145: Fons propis
A146: GESTIÓ I ADMINISTRACIÓ | B146: 16 | C146: MILLORAR L'EFICIÈNCIA de la gestió administrativa | D146: 16.6 | E146: Estructurar la gestió documental | F146: 16.5.1 | G146: Millorar l'accessibilitat i la gestió documental del Consorci | I146: Si | J146: Permís a l'accessibilitat documental al web de documents d'interès | K146: Sí/No | L146: Àrea d'administració | M146: Gestora administrativa | N146: Mitjans propis | O146: Fons propis
...

Sheet PLA (2)
A1: EIXOS | B1: Id_OG | C1: OBJECTIUS Generals (PP) | D1: Id_OE | E1: OBJECTIUS Estratègics | F1: Id_OO | G1: OBJECTIUS operatius / Línia estratègica | H1: Comú / Específic | I1: Obligatori / Optatiu | J1: Objectiu operatiu concret a l'espai | K1: Explicació de la decisió presa en el cas de canvis respecte al llistat inicial (columna G) | L1: Objectiu amb mesures incorporables a la planificació anual de la gestió de l'espai? | M1: Prioritat | N1: Ordre | O1: Propostes d'accions | P1: Marc de referència | Q1: Resultats derivats | R1: Indicadors | S1: Mínima | T1: Màxim (Desitjable) | U1: Hores de dedicació (hores/anuals) | V1: Total període hores | W1: Àrea responsable | X1: Persona responsable | Y1: Contractació externa o mitjans propis | Z1: Finançament | AA1: 2026 | AB1: 2027 | AC1: 2028 | AD1: 2029
A2: Eix 01 - Natura | B2: OG 01 | C2: CONSERVAR LA NATURA i restaurar els ecosistemes, els processos naturals i seminaturals, la biodiversitat i la geodiversitat associada. | D2: 01.1 | E2: Adequar i fer eficient la conservació dels elements objecte de gestió prioritària marcats per la DG a l'ENP | F2: 01.1.1 | G2: Implementar i executar plans de gestió específics per a hàbitats i espècies de conservació prioritària dins l'ENP | H2: Comú | I2: Obligatori | J2: Implementar i executar plans de gestió específics per a hàbitats i espècies de conservació prioritària dins l'ENP. | L2: Si | M2: Baixa | O2: Elaboració d'un pla de gestió de les tortugues aquàtiques autòctones a l'espai natural (Emys orbicularis i Mauremys leprosa). | R2: Sí/No | T2: Sí | V2: =U2*4 -> 0 | W2: Àrea coordinació | X2: =IF(W2=Llistes!$B$18,Llistes!$D$18,IF(W2=Llistes!$B$20,Llistes!$D$20,IF(W2=Llistes!$B$22,Llistes!$D$22,IF(W2=Llistes!$B$23,Llistes!$D$23,IF(W2=Llistes!$B$24,Llistes!$D$24,IF(W2=Llistes!$B$28,Llistes!$D$28)))))) -> Tècnic coordinador | Y2: Contractació externa | Z2: Fons propis | AC2: X
A3: Eix 01 - Natura | B3: OG 01 | C3: CONSERVAR LA NATURA i restaurar els ecosistemes, els processos naturals i seminaturals, la biodiversitat i la geodiversitat associada. | D3: 01.1 | E3: Adequar i fer eficient la conservació dels elements objecte de gestió prioritària marcats per la DG a l'ENP | F3: 01.1.1 | G3: Implementar i executar plans de gestió específics per a hàbitats i espècies de conservació prioritària dins l'ENP | H3: Comú | I3: Obligatori | J3: Implementar i executar plans de gestió específics per a hàbitats i espècies de conservació prioritària dins l'ENP. | L3: Si | M3: Alta | O3: Elaboració d'un pla de gestió per la conservació i millora de les nàiades de l'espai natural (Unio ravoisieri, Unio mancus, Potomida littoralis i Anodonta anotina). | R3: Sí/No | T3: Sí | V3: =U3*4 -> 0 | W3: Àrea coordinació | X3: =IF(W3=Llistes!$B$18,Llistes!$D$18,IF(W3=Llistes!$B$20,Llistes!$D$20,IF(W3=Llistes!$B$22,Llistes!$D$22,IF(W3=Llistes!$B$23,Llistes!$D$23,IF(W3=Llistes!$B$24,Llistes!$D$24,IF(W3=Llistes!$B$28,Llistes!$D$28)))))) -> Tècnic coordinador | Y3: Contractació externa | Z3: Fons propis | AA3: X
A4: Eix 01 - Natura | B4: OG 01 | C4: CONSERVAR LA NATURA i restaurar els ecosistemes, els processos naturals i seminaturals, la biodiversitat i la geodiversitat associada. | D4: 01.1 | E4: Adequar i fer eficient la conservació dels elements objecte de gestió prioritària marcats per la DG a l'ENP | F4: 01.1.1 | G4: Implementar i executar plans de gestió específics per a hàbitats i espècies de conservació prioritària dins l'ENP | H4: Comú | I4: Obligatori | J4: Implementar i executar plans de gestió específics per a hàbitats i espècies de conservació prioritària dins l'ENP. | L4: Si | M4: Alta | O4: Elaboració d'un pla de gestió de la falguera dels pantans (Thelypteris palustris). | R4: Sí/No | T4: Sí | V4: =U4*4 -> 0 | W4: Àrea coordinació | X4: =IF(W4=Llistes!$B$18,Llistes!$D$18,IF(W4=Llistes!$B$20,Llistes!$D$20,IF(W4=Llistes!$B$22,Llistes!$D$22,IF(W4=Llistes!$B$23,Llistes!$D$23,IF(W4=Llistes!$B$24,Llistes!$D$24,IF(W4=Llistes!$B$28,Llistes!$D$28)))))) -> Tècnic coordinador | Y4: Contractació externa | Z4: Fons propis | AB4: X
A5: Eix 01 - Natura | B5: OG 01 | C5: CONSERVAR LA NATURA i restaurar els ecosistemes, els processos naturals i seminaturals, la biodiversitat i la geodiversitat associada. | D5: 01.1 | E5: Adequar i fer eficient la conservació dels elements objecte de gestió prioritària marcats per la DG a l'ENP | F5: 01.1.1 | G5: Implementar i executar plans de gestió específics per a hàbitats i espècies de conservació prioritària dins l'ENP | H5: Comú | I5: Obligatori | J5: Implementar i executar plans de gestió específics per a hàbitats i espècies de conservació prioritària dins l'ENP. | L5: Si | M5: Alta | O5: Elaboració d'un pla de gestió de Carex elata. | R5: Sí/No | T5: Sí | V5: =U5*4 -> 0 | W5: Àrea coordinació | X5: =IF(W5=Llistes!$B$18,Llistes!$D$18,IF(W5=Llistes!$B$20,Llistes!$D$20,IF(W5=Llistes!$B$22,Llistes!$D$22,IF(W5=Llistes!$B$23,Llistes!$D$23,IF(W5=Llistes!$B$24,Llistes!$D$24,IF(W5=Llistes!$B$28,Llistes!$D$28)))))) -> Tècnic coordinador | Y5: Contractació externa | Z5: Fons propis | AC5: X
A6: Eix 01 - Natura | B6: OG 01 | C6: CONSERVAR LA NATURA i restaurar els ecosistemes, els processos naturals i seminaturals, la biodiversitat i la geodiversitat associada. | D6: 01.1 | E6: Adequar i fer eficient la conservació dels elements objecte de gestió prioritària marcats per la DG a l'ENP | F6: 01.1.1 | G6: Implementar i executar plans de gestió específics per a hàbitats i espècies de conservació prioritària dins l'ENP | H6: Comú | I6: Obligatori | J6: Implementar i executar plans de gestió específics per a hàbitats i espècies de conservació prioritària dins l'ENP. | L6: Si | M6: Alta | O6: Elaboració d'un pla de gestió de potamogèton perfoliat (Potamogeton perfoliatus). | P6: MAP | Q6: SFF: Elaboració de plans de gestió específics per a espècies de conservació prioritària i directrius de gestió d'hàbitats. SFF/SENP: Definir a nivell de cluster quins son els que es poden elaborar conjuntament. | R6: Sí/No | T6: Sí | V6: =U6*4 -> 0 | W6: Àrea coordinació | X6: =IF(W6=Llistes!$B$18,Llistes!$D$18,IF(W6=Llistes!$B$20,Llistes!$D$20,IF(W6=Llistes!$B$22,Llistes!$D$22,IF(W6=Llistes!$B$23,Llistes!$D$23,IF(W6=Llistes!$B$24,Llistes!$D$24,IF(W6=Llistes!$B$28,Llistes!$D$28)))))) -> Tècnic coordinador | Y6: Contractació externa | Z6: Fons propis | AC6: X
A7: Eix 01 - Natura | B7: OG 01 | C7: CONSERVAR LA NATURA i restaurar els ecosistemes, els processos naturals i seminaturals, la biodiversitat i la geodiversitat associada. | D7: 01.1 | E7: Adequar i fer eficient la conservació dels elements objecte de gestió prioritària marcats per la DG a l'ENP | F7: 01.1.1 | G7: Implementar i executar plans de gestió específics per a hàbitats i espècies de conservació prioritària dins l'ENP | H7: Comú | I7: Obligatori | J7: Implementar i executar plans de gestió específics per a hàbitats i espècies de conservació prioritària dins l'ENP. | L7: Si | M7: Alta | O7: Elaboració d'un pla de gestió dels microcargols Vertigo moulinsiana i Vertigo angustior. | R7: Sí/No | T7: Sí | V7: =U7*4 -> 0 | W7: Àrea coordinació | X7: =IF(W7=Llistes!$B$18,Llistes!$D$18,IF(W7=Llistes!$B$20,Llistes!$D$20,IF(W7=Llistes!$B$22,Llistes!$D$22,IF(W7=Llistes!$B$23,Llistes!$D$23,IF(W7=Llistes!$B$24,Llistes!$D$24,IF(W7=Llistes!$B$28,Llistes!$D$28)))))) -> Tècnic coordinador | Y7: Contractació externa | Z7: Fons propis | AC7: X
A8: Eix 01 - Natura | B8: OG 01 | C8: CONSERVAR LA NATURA i restaurar els ecosistemes, els processos naturals i seminaturals, la biodiversitat i la geodiversitat associada. | D8: 01.1 | E8: Adequar i fer eficient la conservació dels elements objecte de gestió prioritària marcats per la DG a l'ENP | F8: 01.1.1 | G8: Implementar i executar plans de gestió específics per a hàbitats i espècies de conservació prioritària dins l'ENP | H8: Comú | I8: Obligatori | J8: Implementar i executar plans de gestió específics per a hàbitats i espècies de conservació prioritària dins l'ENP. | L8: Si | M8: Alta | O8: Elaboració d'un pla de gestió de peixos autòctons protegits (Barbus meridionalis, Salariopsis fluviatilis i Gasterosteus aculeatus) i altres d'interès per a les nàiades. | R8: Sí/No | T8: Si | V8: 0 | W8: Àrea coordinació | X8: =IF(W8=Llistes!$B$18,Llistes!$D$18,IF(W8=Llistes!$B$20,Llistes!$D$20,IF(W8=Llistes!$B$22,Llistes!$D$22,IF(W8=Llistes!$B$23,Llistes!$D$23,IF(W8=Llistes!$B$24,Llistes!$D$24,IF(W8=Llistes!$B$28,Llistes!$D$28)))))) -> Tècnic coordinador | Y8: Mitjans propis | Z8: Fons propis | AB8: X
A9: Eix 01 - Natura | B9: OG 01 | C9: CONSERVAR LA NATURA i restaurar els ecosistemes, els processos naturals i seminaturals, la biodiversitat i la geodiversitat associada. | D9: 01.1 | E9: Adequar i fer eficient la conservació dels elements objecte de gestió prioritària marcats per la DG a l'ENP | F9: 01.1.2 | G9: Adaptar i executar plans de gestió específics per a elements geològics de conservació prioritària dins l'ENP | H9: Comú | I9: Obligatori | J9: Adaptar i executar plans de gestió específics per a elements geològics de conservació prioritària dins l'ENP. | L9: Si | M9: Mitjana | O9: Aplicació de les directrius de gestió de l'inventari de patrimoni geològic (ICGC). | R9: Sí/No | T9: Sí | V9: =U9*4 -> 0 | W9: Àrea coordinació | X9: =IF(W9=Llistes!$B$18,Llistes!$D$18,IF(W9=Llistes!$B$20,Llistes!$D$20,IF(W9=Llistes!$B$22,Llistes!$D$22,IF(W9=Llistes!$B$23,Llistes!$D$23,IF(W9=Llistes!$B$24,Llistes!$D$24,IF(W9=Llistes!$B$28,Llistes!$D$28)))))) -> Tècnic coordinador | Y9: Mitjans propis | Z9: Fons propis | AC9: X
A10: Eix 01 - Natura | B10: OG 01 | C10: CONSERVAR LA NATURA i restaurar els ecosistemes, els processos naturals i seminaturals, la biodiversitat i la geodiversitat associada. | D10: 01.2 | E10: Executar les mesures de gestió directa previstes en els instruments de planificació per la conservació i la gestió adaptativa dels elements clau de l'ENP | F10: 01.2.1 | G10: Implementar la metodologia de gestió adaptativa (Estàndards Oberts de Gestió Adaptativa a Catalunya) en tots els processos de l'ENP | H10: Comú | I10: Obligatori | J10: Implementar la metodologia de gestió adaptativa (Estàndards Oberts de Gestió Adaptativa a Catalunya) en tots els processos de l'ENP. | L10: Si | M10: Màxima | O10: Redacció d'un protocol per tal d'incorporar la metodologia dels Estàndards Oberts pels processos més rellevants per a la conservació a l'espai. | P10: ESNATURA | Q10: SENP: Elaboració d'un manual per la implementació dels OSAM | R10: Sí/No | T10: Sí | V10: =U10*4 -> 0 | W10: Intervenció | X10: =IF(W10=Llistes!$B$18,Llistes!$D$18,IF(W10=Llistes!$B$20,Llistes!$D$20,IF(W10=Llistes!$B$22,Llistes!$D$22,IF(W10=Llistes!$B$23,Llistes!$D$23,IF(W10=Llistes!$B$24,Llistes!$D$24,IF(W10=Llistes!$B$28,Llistes!$D$28)))))) -> Interventora | AB10: X
A11: Eix 01 - Natura | B11: OG 01 | C11: CONSERVAR LA NATURA i restaurar els ecosistemes, els processos naturals i seminaturals, la biodiversitat i la geodiversitat associada. | D11: 01.2 | E11: Executar les mesures de gestió directa previstes en els instruments de planificació per la conservació i la gestió adaptativa dels elements clau de l'ENP | F11: 01.2.1 | G11: Implementar la metodologia de gestió adaptativa (Estàndards Oberts de Gestió Adaptativa a Catalunya) en tots els processos de l'ENP | H11: Comú | I11: Obligatori | J11: Implementar la metodologia de gestió adaptativa (Estàndards Oberts de Gestió Adaptativa a Catalunya) en tots els processos de l'ENP. | L11: Si | M11: Màxima | O11: Implementació del protocol per tal d'incorporar la metodologia dels Estàndards Oberts de Gestió Adaptativa a Catalunya pels processos més rellevants per a la conservació a l'ENP. | R11: Sí/No | T11: Sí | V11: =U11*4 -> 0
A12: Eix 01 - Natura | B12: OG 01 | C12: CONSERVAR LA NATURA i restaurar els ecosistemes, els processos naturals i seminaturals, la biodiversitat i la geodiversitat associada. | D12: 01.2 | E12: Executar les mesures de gestió directa previstes en els instruments de planificació per la conservació i la gestió adaptativa dels elements clau de l'ENP | F12: 01.2.2 | G12: Executar les mesures previstes en els plans de conservació o recuperació d'espècies amenaçades de forma coordinada amb el Servei de Flora i Fauna en l'àmbit de l'ENP | H12: Comú | I12: Obligatori | J12: Executar les mesures previstes en els plans de conservació o recuperació d'espècies amenaçades de forma coordinada amb el Servei de Flora i Fauna en l'àmbit de l'ENP. | L12: No | M12: Màxima | O12: Implicació i participació en la redacció dels plans de conservació /recuperació d'espècies amenaçades. | R12: Nombre de reunions | S12: 2 | T12: 4 | V12: =U12*4 -> 0 | W12: Àrea coordinació | X12: =IF(W12=Llistes!$B$18,Llistes!$D$18,IF(W12=Llistes!$B$20,Llistes!$D$20,IF(W12=Llistes!$B$22,Llistes!$D$22,IF(W12=Llistes!$B$23,Llistes!$D$23,IF(W12=Llistes!$B$24,Llistes!$D$24,IF(W12=Llistes!$B$28,Llistes!$D$28)))))) -> Tècnic coordinador | Y12: Mitjans propis | Z12: Fons propis | AA12: X | AB12: X | AC12: X | AD12: X
A13: Eix 01 - Natura | B13: OG 01 | C13: CONSERVAR LA NATURA i restaurar els ecosistemes, els processos naturals i seminaturals, la biodiversitat i la geodiversitat associada. | D13: 01.2 | E13: Executar les mesures de gestió directa previstes en els instruments de planificació per la conservació i la gestió adaptativa dels elements clau de l'ENP | F13: 01.2.2 | G13: Executar les mesures previstes en els plans de conservació o recuperació d'espècies amenaçades de forma coordinada amb el Servei de Flora i Fauna en l'àmbit de l'ENP | H13: Comú | I13: Obligatori | J13: Executar les mesures previstes en els plans de conservació o recuperació d'espècies amenaçades de forma coordinada amb el Servei de Flora i Fauna en l'àmbit de l'ENP. | L13: Si | M13: Màxima | O13: Execució de les accions dins els plans de recuperació/conservació aprovats que afectin l'ENP. | R13: Nombre d'accions executades | S13: 1 | T13: 3 | V13: =U13*4 -> 0 | W13: Àrea coordinació | X13: =IF(W13=Llistes!$B$18,Llistes!$D$18,IF(W13=Llistes!$B$20,Llistes!$D$20,IF(W13=Llistes!$B$22,Llistes!$D$22,IF(W13=Llistes!$B$23,Llistes!$D$23,IF(W13=Llistes!$B$24,Llistes!$D$24,IF(W13=Llistes!$B$28,Llistes!$D$28)))))) -> Tècnic coordinador | Y13: Contractació externa | Z13: Subjecte a ajuts | AB13: X | AC13: X | AD13: X
A14: Eix 01 - Natura | B14: OG 01 | C14: CONSERVAR LA NATURA i restaurar els ecosistemes, els processos naturals i seminaturals, la biodiversitat i la geodiversitat associada. | D14: 01.2 | E14: Executar les mesures de gestió directa previstes en els instruments de planificació per la conservació i la gestió adaptativa dels elements clau de l'ENP | F14: 01.2.2 | G14: Executar les mesures previstes en els plans de conservació o recuperació d'espècies amenaçades de forma coordinada amb el Servei de Flora i Fauna en l'àmbit de l'ENP | H14: Comú | I14: Obligatori | J14: Executar les mesures previstes en els plans de conservació o recuperació d'espècies amenaçades de forma coordinada amb el Servei de Flora i Fauna en l'àmbit de l'ENP. | L14: Si | M14: Màxima | O14: Col·laboració en l'obtenció de la informació necessària dins l'ENP per al desenvolupament dels Plans de Conservació i Recuperació d'espècies amenaçades. | P14: MAP Catàlegs | Q14: SFF: Elaboració de plans de conservació o recuperació d'espècies protegides | R14: Sí/No | T14: Sí | V14: =U14*4 -> 0 | W14: Àrea coordinació | X14: =IF(W14=Llistes!$B$18,Llistes!$D$18,IF(W14=Llistes!$B$20,Llistes!$D$20,IF(W14=Llistes!$B$22,Llistes!$D$22,IF(W14=Llistes!$B$23,Llistes!$D$23,IF(W14=Llistes!$B$24,Llistes!$D$24,IF(W14=Llistes!$B$28,Llistes!$D$28)))))) -> Tècnic coordinador | Y14: Mitjans propis | Z14: Fons propis | AA14: X | AB14: X | AC14: X | AD14: X
A15: Eix 01 - Natura | B15: OG 01 | C15: CONSERVAR LA NATURA i restaurar els ecosistemes, els processos naturals i seminaturals, la biodiversitat i la geodiversitat associada. | D15: 01.2 | E15: Executar les mesures de gestió directa previstes en els instruments de planificació per la conservació i la gestió adaptativa dels elements clau de l'ENP | F15: 01.2.3 | G15: Executar les mesures de gestió previstes en els plans de control i erradicació d'espècies exòtiques de forma coordinada amb el Servei de Flora i Fauna en l'àmbit de l'ENP | H15: Comú | I15: Obligatori | J15: Executar les mesures de gestió previstes en els plans de control i eradicació d'espècies exòtiques de forma coordinada amb el Servei de Flora i Fauna en l'àmbit de l'ENP | L15: Si | M15: Màxima | O15: Redacció del Pla tècnic de control del coipú (Myocastor coypus). | R15: Sí/No | T15: Sí | V15: =U15*4 -> 0 | W15: Àrea coordinació | X15: =IF(W15=Llistes!$B$18,Llistes!$D$18,IF(W15=Llistes!$B$20,Llistes!$D$20,IF(W15=Llistes!$B$22,Llistes!$D$22,IF(W15=Llistes!$B$23,Llistes!$D$23,IF(W15=Llistes!$B$24,Llistes!$D$24,IF(W15=Llistes!$B$28,Llistes!$D$28)))))) -> Tècnic coordinador | Y15: Mitjans propis | Z15: Fons propis | AA15: X
A16: Eix 01 - Natura | B16: OG 01 | C16: CONSERVAR LA NATURA i restaurar els ecosistemes, els processos naturals i seminaturals, la biodiversitat i la geodiversitat associada. | D16: 01.2 | E16: Executar les mesures de gestió directa previstes en els instruments de planificació per la conservació i la gestió adaptativa dels elements clau de l'ENP | F16: 01.2.3 | G16: Executar les mesures de gestió previstes en els plans de control i erradicació d'espècies exòtiques de forma coordinada amb el Servei de Flora i Fauna en l'àmbit de l'ENP | H16: Comú | I16: Obligatori | J16: Executar les mesures de gestió previstes en els plans de control i eradicació d'espècies exòtiques de forma coordinada amb el Servei de Flora i Fauna en l'àmbit de l'ENP | L16: Si | M16: Màxima | O16: Execució del Pla tècnic de control del coipú (Myocastor coypus). | R16: Pla executat | S16: 4 | T16: 4 | V16: =U16*4 -> 0 | W16: Àrea coordinació | X16: =IF(W16=Llistes!$B$18,Llistes!$D$18,IF(W16=Llistes!$B$20,Llistes!$D$20,IF(W16=Llistes!$B$22,Llistes!$D$22,IF(W16=Llistes!$B$23,Llistes!$D$23,IF(W16=Llistes!$B$24,Llistes!$D$24,IF(W16=Llistes!$B$28,Llistes!$D$28)))))) -> Tècnic coordinador | Y16: Mitjans propis | Z16: Fons propis | AA16: X | AB16: X | AC16: X | AD16: X
A17: Eix 01 - Natura | B17: OG 01 | C17: CONSERVAR LA NATURA i restaurar els ecosistemes, els processos naturals i seminaturals, la biodiversitat i la geodiversitat associada. | D17: 01.2 | E17: Executar les mesures de gestió directa previstes en els instruments de planificació per la conservació i la gestió adaptativa dels elements clau de l'ENP | F17: 01.2.3 | G17: Executar les mesures de gestió previstes en els plans de control i erradicació d'espècies exòtiques de forma coordinada amb el Servei de Flora i Fauna en l'àmbit de l'ENP | H17: Comú | I17: Obligatori | J17: Executar les mesures de gestió previstes en els plans de control i eradicació d'espècies exòtiques de forma coordinada amb el Servei de Flora i Fauna en l'àmbit de l'ENP | L17: Si | M17: Màxima | O17: Redacció del Pla tècnic de control de la tortugues exòtiques. | R17: Sí/No | T17: Sí | V17: =U17*4 -> 0 | W17: Àrea coordinació | X17: =IF(W17=Llistes!$B$18,Llistes!$D$18,IF(W17=Llistes!$B$20,Llistes!$D$20,IF(W17=Llistes!$B$22,Llistes!$D$22,IF(W17=Llistes!$B$23,Llistes!$D$23,IF(W17=Llistes!$B$24,Llistes!$D$24,IF(W17=Llistes!$B$28,Llistes!$D$28)))))) -> Tècnic coordinador | Y17: Mitjans propis | Z17: Fons propis | AC17: X
A18: Eix 01 - Natura | B18: OG 01 | C18: CONSERVAR LA NATURA i restaurar els ecosistemes, els processos naturals i seminaturals, la biodiversitat i la geodiversitat associada. | D18: 01.2 | E18: Executar les mesures de gestió directa previstes en els instruments de planificació per la conservació i la gestió adaptativa dels elements clau de l'ENP | F18: 01.2.3 | G18: Executar les mesures de gestió previstes en els plans de control i erradicació d'espècies exòtiques de forma coordinada amb el Servei de Flora i Fauna en l'àmbit de l'ENP | H18: Comú | I18: Obligatori | J18: Executar les mesures de gestió previstes en els plans de control i eradicació d'espècies exòtiques de forma coordinada amb el Servei de Flora i Fauna en l'àmbit de l'ENP | L18: Si | M18: Màxima | O18: Execució del Pla tècnic de control de la tortugues exòtiques. | R18: Pla executat | S18: 4 | T18: 4 | V18: =U18*4 -> 0 | W18: Àrea coordinació | X18: =IF(W18=Llistes!$B$18,Llistes!$D$18,IF(W18=Llistes!$B$20,Llistes!$D$20,IF(W18=Llistes!$B$22,Llistes!$D$22,IF(W18=Llistes!$B$23,Llistes!$D$23,IF(W18=Llistes!$B$24,Llistes!$D$24,IF(W18=Llistes!$B$28,Llistes!$D$28)))))) -> Tècnic coordinador | Y18: Mitjans propis | Z18: Fons propis | AC18: X | AD18: X
A19: Eix 01 - Natura | B19: OG 01 | C19: CONSERVAR LA NATURA i restaurar els ecosistemes, els processos naturals i seminaturals, la biodiversitat i la geodiversitat associada. | D19: 01.2 | E19: Executar les mesures de gestió directa previstes en els instruments de planificació per la conservació i la gestió adaptativa dels elements clau de l'ENP | F19: 01.2.3 | G19: Executar les mesures de gestió previstes en els plans de control i erradicació d'espècies exòtiques de forma coordinada amb el Servei de Flora i Fauna en l'àmbit de l'ENP | H19: Comú | I19: Obligatori | J19: Executar les mesures de gestió previstes en els plans de control i eradicació d'espècies exòtiques de forma coordinada amb el Servei de Flora i Fauna en l'àmbit de l'ENP | L19: Si | M19: Màxima | O19: Redacció del Pla tècnic de control de la flora exòtica invasora problemàtica a l'ENP. | R19: Sí/No | T19: Sí | V19: =U19*4 -> 0 | W19: Àrea coordinació | X19: =IF(W19=Llistes!$B$18,Llistes!$D$18,IF(W19=Llistes!$B$20,Llistes!$D$20,IF(W19=Llistes!$B$22,Llistes!$D$22,IF(W19=Llistes!$B$23,Llistes!$D$23,IF(W19=Llistes!$B$24,Llistes!$D$24,IF(W19=Llistes!$B$28,Llistes!$D$28)))))) -> Tècnic coordinador | Y19: Mitjans propis | Z19: Fons propis | AB19: X
A20: Eix 01 - Natura | B20: OG 01 | C20: CONSERVAR LA NATURA i restaurar els ecosistemes, els processos naturals i seminaturals, la biodiversitat i la geodiversitat associada. | D20: 01.2 | E20: Executar les mesures de gestió directa previstes en els instruments de planificació per la conservació i la gestió adaptativa dels elements clau de l'ENP | F20: 01.2.3 | G20: Executar les mesures de gestió previstes en els plans de control i erradicació d'espècies exòtiques de forma coordinada amb el Servei de Flora i Fauna en l'àmbit de l'ENP | H20: Comú | I20: Obligatori | J20: Executar les mesures de gestió previstes en els plans de control i eradicació d'espècies exòtiques de forma coordinada amb el Servei de Flora i Fauna en l'àmbit de l'ENP | L20: Si | M20: Màxima | O20: Execució del Pla tècnic de control de la flora exòtica invasora problemàtica a l'ENP. | R20: Pla executat | S20: 4 | T20: 4 | V20: =U20*4 -> 0 | W20: Àrea coordinació | X20: =IF(W20=Llistes!$B$18,Llistes!$D$18,IF(W20=Llistes!$B$20,Llistes!$D$20,IF(W20=Llistes!$B$22,Llistes!$D$22,IF(W20=Llistes!$B$23,Llistes!$D$23,IF(W20=Llistes!$B$24,Llistes!$D$24,IF(W20=Llistes!$B$28,Llistes!$D$28)))))) -> Tècnic coordinador | Y20: Mitjans propis | Z20: Subjecte a ajuts | AC20: X | AD20: X
A21: Eix 01 - Natura | B21: OG 01 | C21: CONSERVAR LA NATURA i restaurar els ecosistemes, els processos naturals i seminaturals, la biodiversitat i la geodiversitat associada. | D21: 01.2 | E21: Executar les mesures de gestió directa previstes en els instruments de planificació per la conservació i la gestió adaptativa dels elements clau de l'ENP | F21: 01.2.3 | G21: Executar les mesures de gestió previstes en els plans de control i erradicació d'espècies exòtiques de forma coordinada amb el Servei de Flora i Fauna en l'àmbit de l'ENP | H21: Comú | I21: Obligatori | J21: Executar les mesures de gestió previstes en els plans de control i eradicació d'espècies exòtiques de forma coordinada amb el Servei de Flora i Fauna en l'àmbit de l'ENP | L21: Si | M21: Màxima | O21: Redacció del Pla tècnic de control dels peixos exòtics a l'Estany de Banyoles i zones humides del seu entorn. | R21: Sí/No | T21: Sí | V21: =U21*4 -> 0 | W21: Àrea coordinació | X21: =IF(W21=Llistes!$B$18,Llistes!$D$18,IF(W21=Llistes!$B$20,Llistes!$D$20,IF(W21=Llistes!$B$22,Llistes!$D$22,IF(W21=Llistes!$B$23,Llistes!$D$23,IF(W21=Llistes!$B$24,Llistes!$D$24,IF(W21=Llistes!$B$28,Llistes!$D$28)))))) -> Tècnic coordinador | Y21: Mitjans propis | Z21: Fons propis | AA21: X
A22: Eix 01 - Natura | B22: OG 01 | C22: CONSERVAR LA NATURA i restaurar els ecosistemes, els processos naturals i seminaturals, la biodiversitat i la geodiversitat associada. | D22: 01.2 | E22: Executar les mesures de gestió directa previstes en els instruments de planificació per la conservació i la gestió adaptativa dels elements clau de l'ENP | F22: 01.2.3 | G22: Executar les mesures de gestió previstes en els plans de control i erradicació d'espècies exòtiques de forma coordinada amb el Servei de Flora i Fauna en l'àmbit de l'ENP | H22: Comú | I22: Obligatori | J22: Executar les mesures de gestió previstes en els plans de control i eradicació d'espècies exòtiques de forma coordinada amb el Servei de Flora i Fauna en l'àmbit de l'ENP | L22: Si | M22: Màxima | O22: Execució del Pla tècnic de control dels peixos exòtics l'Estany de Banyoles i zones humides del seu entorn. | R22: Pla executat | S22: 4 | T22: 4 | V22: =U22*4 -> 0 | W22: Àrea coordinació | X22: =IF(W22=Llistes!$B$18,Llistes!$D$18,IF(W22=Llistes!$B$20,Llistes!$D$20,IF(W22=Llistes!$B$22,Llistes!$D$22,IF(W22=Llistes!$B$23,Llistes!$D$23,IF(W22=Llistes!$B$24,Llistes!$D$24,IF(W22=Llistes!$B$28,Llistes!$D$28)))))) -> Tècnic coordinador | Y22: Mitjans propis | Z22: Subjecte a ajuts | AB22: X | AC22: X | AD22: X
A23: Eix 01 - Natura | B23: OG 01 | C23: CONSERVAR LA NATURA i restaurar els ecosistemes, els processos naturals i seminaturals, la biodiversitat i la geodiversitat associada. | D23: 01.2 | E23: Executar les mesures de gestió directa previstes en els instruments de planificació per la conservació i la gestió adaptativa dels elements clau de l'ENP | F23: 01.2.3 | G23: Executar les mesures de gestió previstes en els plans de control i erradicació d'espècies exòtiques de forma coordinada amb el Servei de Flora i Fauna en l'àmbit de l'ENP | H23: Comú | I23: Obligatori | J23: Executar les mesures de gestió previstes en els plans de control i eradicació d'espècies exòtiques de forma coordinada amb el Servei de Flora i Fauna en l'àmbit de l'ENP | L23: No | M23: Màxima | O23: Obtenció de la informació necessària per avaluar el desenvolupament dels plans tècnics de l'ENP. | P23: ESNATURA MAP | Q23: SFF: Elaboració de plans de control i erradicació d'espècies exòtiques | R23: Sí/No | T23: Sí | V23: =U23*4 -> 0 | W23: Àrea coordinació | X23: =IF(W23=Llistes!$B$18,Llistes!$D$18,IF(W23=Llistes!$B$20,Llistes!$D$20,IF(W23=Llistes!$B$22,Llistes!$D$22,IF(W23=Llistes!$B$23,Llistes!$D$23,IF(W23=Llistes!$B$24,Llistes!$D$24,IF(W23=Llistes!$B$28,Llistes!$D$28)))))) -> Tècnic coordinador | Y23: Mitjans propis | Z23: Fons propis | AB23: X | AD23: X
A24: Eix 01 - Natura | B24: OG 01 | C24: CONSERVAR LA NATURA i restaurar els ecosistemes, els processos naturals i seminaturals, la biodiversitat i la geodiversitat associada. | D24: 01.2 | E24: Executar les mesures de gestió directa previstes en els instruments de planificació per la conservació i la gestió adaptativa dels elements clau de l'ENP | F24: 01.2.3 | G24: Executar les mesures de gestió previstes en els plans de control i erradicació d'espècies exòtiques de forma coordinada amb el Servei de Flora i Fauna en l'àmbit de l'ENP | H24: Comú | I24: Obligatori | J24: Executar les mesures de gestió previstes en els plans de control i eradicació d'espècies exòtiques de forma coordinada amb el Servei de Flora i Fauna en l'àmbit de l'ENP | L24: Si | M24: Màxima | O24: Trasllat de la informació recollida en el procés d'execució dels plans tècnics de control de les espècies exòtiques a Direcció General de Planificació Ambiental de la Generalitat de Catalunya. | R24: Sí/No | T24: Sí | V24: =U24*4 -> 0 | W24: Àrea coordinació | X24: =IF(W24=Llistes!$B$18,Llistes!$D$18,IF(W24=Llistes!$B$20,Llistes!$D$20,IF(W24=Llistes!$B$22,Llistes!$D$22,IF(W24=Llistes!$B$23,Llistes!$D$23,IF(W24=Llistes!$B$24,Llistes!$D$24,IF(W24=Llistes!$B$28,Llistes!$D$28)))))) -> Tècnic coordinador | Y24: Mitjans propis | Z24: Fons propis | AA24: X | AB24: X | AC24: X | AD24: X
A25: Eix 01 - Natura | B25: OG 01 | C25: CONSERVAR LA NATURA i restaurar els ecosistemes, els processos naturals i seminaturals, la biodiversitat i la geodiversitat associada. | D25: 01.2 | E25: Executar les mesures de gestió directa previstes en els instruments de planificació per la conservació i la gestió adaptativa dels elements clau de l'ENP | F25: 01.2.4 | G25: Desplegar els objectius i tasques recollits en els instruments de referència i compromisos internacionals | H25: Específic | I25: Optatiu | J25: Desplegar els objectius i tasques recollits en els instruments de referència i compromisos internacionals . | K25: No aplica | M25: Mitjana | Q25: Seguiment dels ajuts d’espais naturals i d’actuacions en espais de la XN2000. | V25: =U25*4 -> 0
A26: Eix 01 - Natura | B26: OG 01 | C26: CONSERVAR LA NATURA i restaurar els ecosistemes, els processos naturals i seminaturals, la biodiversitat i la geodiversitat associada. | D26: 01.3 | E26: Crear ecosistemes complexes, resilients, i d'alta biodiversitat per garantir la recuperació dels processos ecosistèmics | F26: 01.3.1 | G26: Identificar espais pel foment de la dinàmica natural i l'aprofitament no extractiu | H26: Comú | I26: Obligatori | J26: Identificar espais pel foment de la dinàmica natural i l'aprofitament no extractiu. | L26: Si | M26: Mitjana | O26: Redacció d'un document d'Identificació d'espais pel foment de la renaturalització i restauració del patrimoni natural i del medi físic de l'ENP. | R26: Sí/No | T26: SÍ | V26: =U26*4 -> 0 | W26: Àrea coordinació | X26: =IF(W26=Llistes!$B$18,Llistes!$D$18,IF(W26=Llistes!$B$20,Llistes!$D$20,IF(W26=Llistes!$B$22,Llistes!$D$22,IF(W26=Llistes!$B$23,Llistes!$D$23,IF(W26=Llistes!$B$24,Llistes!$D$24,IF(W26=Llistes!$B$28,Llistes!$D$28)))))) -> Tècnic coordinador | Y26: Mitjans propis | Z26: Fons propis | AA26: X
A27: Eix 01 - Natura | B27: OG 01 | C27: CONSERVAR LA NATURA i restaurar els ecosistemes, els processos naturals i seminaturals, la biodiversitat i la geodiversitat associada. | D27: 01.3 | E27: Crear ecosistemes complexes, resilients, i d'alta biodiversitat per garantir la recuperació dels processos ecosistèmics | F27: 01.3.1 | G27: Identificar espais pel foment de la dinàmica natural i l'aprofitament no extractiu | H27: Comú | I27: Obligatori | J27: Identificar espais pel foment de la dinàmica natural i l'aprofitament no extractiu. | L27: Si | M27: Mitjana | O27: Execució de projectes de restauració per afavorir la conservació dels hàbitats i espècies d'interès a l'ENP. | P27: ESNATURA | Q27: SENP/SFF: Definir criteris metodològics | R27: Nombre de projectes | S27: 1 | T27: 2 | V27: =U27*4 -> 0 | W27: Àrea coordinació | X27: =IF(W27=Llistes!$B$18,Llistes!$D$18,IF(W27=Llistes!$B$20,Llistes!$D$20,IF(W27=Llistes!$B$22,Llistes!$D$22,IF(W27=Llistes!$B$23,Llistes!$D$23,IF(W27=Llistes!$B$24,Llistes!$D$24,IF(W27=Llistes!$B$28,Llistes!$D$28)))))) -> Tècnic coordinador | Y27: Contractació externa | Z27: Subjecte a ajuts | AA27: X | AB27: X | AC27: X | AD27: X
A28: Eix 01 - Natura | B28: OG 01 | C28: CONSERVAR LA NATURA i restaurar els ecosistemes, els processos naturals i seminaturals, la biodiversitat i la geodiversitat associada. | D28: 01.3 | E28: Crear ecosistemes complexes, resilients, i d'alta biodiversitat per garantir la recuperació dels processos ecosistèmics | F28: 01.3.2 | G28: Afavorir la maduresa dels sistemes forestals | H28: Específic | I28: Optatiu | J28: Afavorir la maduresa dels sistemes forestals. | L28: Si | M28: Alta | O28: Planificació i execució d'accions d'acceleració de la maduresa forestal en zones boscoses dins l'ENP a través de la compra. | P28: MAP | Q28: SENP/SFF: Definir criteris metodològics | R28: Processos d'adquisició | S28: 1 | T28: 1 | V28: =U28*4 -> 0 | W28: Àrea coordinació | X28: =IF(W28=Llistes!$B$18,Llistes!$D$18,IF(W28=Llistes!$B$20,Llistes!$D$20,IF(W28=Llistes!$B$22,Llistes!$D$22,IF(W28=Llistes!$B$23,Llistes!$D$23,IF(W28=Llistes!$B$24,Llistes!$D$24,IF(W28=Llistes!$B$28,Llistes!$D$28)))))) -> Tècnic coordinador | Y28: Mitjans propis | Z28: Subjecte a ajuts | AA28: X | AB28: X
A29: Eix 01 - Natura | B29: OG 01 | C29: CONSERVAR LA NATURA i restaurar els ecosistemes, els processos naturals i seminaturals, la biodiversitat i la geodiversitat associada. | D29: 01.3 | E29: Crear ecosistemes complexes, resilients, i d'alta biodiversitat per garantir la recuperació dels processos ecosistèmics | F29: 01.3.2 | G29: Afavorir la maduresa dels sistemes forestals | H29: Específic | I29: Optatiu | J29: Afavorir la maduresa dels sistemes forestals. | L29: Si | M29: Alta | O29: Planificació i execució d'accions d'acceleració de la maduresa forestal en zones boscoses dins l'ENP a través de contractes de custòdia de finques. | P29: MAP | Q29: SENP/SFF: Definir criteris metodològics | R29: Contractes de custòdia signats | S29: 0 | T29: 1 | V29: =U29*4 -> 0 | W29: Àrea coordinació | X29: =IF(W29=Llistes!$B$18,Llistes!$D$18,IF(W29=Llistes!$B$20,Llistes!$D$20,IF(W29=Llistes!$B$22,Llistes!$D$22,IF(W29=Llistes!$B$23,Llistes!$D$23,IF(W29=Llistes!$B$24,Llistes!$D$24,IF(W29=Llistes!$B$28,Llistes!$D$28)))))) -> Tècnic coordinador | Y29: Mitjans propis | Z29: Fons propis | AB29: X | AD29: X
A30: Eix 01 - Natura | B30: OG 01 | C30: CONSERVAR LA NATURA i restaurar els ecosistemes, els processos naturals i seminaturals, la biodiversitat i la geodiversitat associada. | D30: 01.3 | E30: Crear ecosistemes complexes, resilients, i d'alta biodiversitat per garantir la recuperació dels processos ecosistèmics | F30: 01.3.3 | G30: Generar pertorbacions controlades | H30: Específic | I30: Optatiu | J30: Generar pertorbacions controlades. | L30: Si | M30: Mitjana | O30: Execució d'actuacions pilot de gestió d'hàbitats oberts amb grans herbívors per a la conservació de zones humides. | P30: MAP | Q30: SENP/SFF: Definir criteris metodològics | R30: Nombre d'actuacions | S30: 1 | T30: 2 | V30: =U30*4 -> 0 | W30: Àrea tècnica | X30: Tècnic/a | Y30: Mitjans propis | Z30: Fons propis | AA30: X | AB30: X | AC30: X | AD30: X
A31: Eix 01 - Natura | B31: OG 01 | C31: CONSERVAR LA NATURA i restaurar els ecosistemes, els processos naturals i seminaturals, la biodiversitat i la geodiversitat associada. | D31: 01.3 | E31: Crear ecosistemes complexes, resilients, i d'alta biodiversitat per garantir la recuperació dels processos ecosistèmics | F31: 01.3.4 | G31: Restaurar la dinàmica natural dels rius | H31: Específic | I31: Optatiu | J31: Restaurar la dinàmica natural dels rius i estanys. | L31: Si | M31: Mitjana | O31: Redacció de projectes per a la renaturalització de lleres i marges, i la creació de zones de laminació dins l'ENP. | P31: MAP | Q31: SENP/SFF: Definir criteris metodològics | R31: Nombre de projectes | S31: 1 | T31: 2 | V31: =U31*4 -> 0 | W31: Àrea coordinació | X31: =IF(W31=Llistes!$B$18,Llistes!$D$18,IF(W31=Llistes!$B$20,Llistes!$D$20,IF(W31=Llistes!$B$22,Llistes!$D$22,IF(W31=Llistes!$B$23,Llistes!$D$23,IF(W31=Llistes!$B$24,Llistes!$D$24,IF(W31=Llistes!$B$28,Llistes!$D$28)))))) -> Tècnic coordinador | Y31: Mitjans propis | Z31: Subjecte a ajuts | AB31: X | AD31: X
A32: Eix 01 - Natura | B32: OG 01 | C32: CONSERVAR LA NATURA i restaurar els ecosistemes, els processos naturals i seminaturals, la biodiversitat i la geodiversitat associada. | D32: 01.3 | E32: Crear ecosistemes complexes, resilients, i d'alta biodiversitat per garantir la recuperació dels processos ecosistèmics | F32: 01.3.5 | G32: Fomentar el paisatge en mosaic | H32: Específic | I32: Obligatori | J32: Fomentar el paisatge en mosaic. | K32: No aplica | M32: Alta | V32: =U32*4 -> 0 | X32: =IF(W32=[1]Llistes!$K$2,[1]Llistes!$L$2,IF(W32=[1]Llistes!$K$3,[1]Llistes!$L$3,IF(W32=[1]Llistes!$K$4,[1]Llistes!$L$4,IF(W32=[1]Llistes!$K$5,[1]Llistes!$L$5,IF(W32=[1]Llistes!$K$6,[1]Llistes!$L$6,IF(W32=[1]Llistes!$K$7,[1]Llistes!$L$7,""))))))
A33: Eix 01 - Natura | B33: OG 01 | C33: CONSERVAR LA NATURA i restaurar els ecosistemes, els processos naturals i seminaturals, la biodiversitat i la geodiversitat associada. | D33: 01.3 | E33: Crear ecosistemes complexes, resilients, i d'alta biodiversitat per garantir la recuperació dels processos ecosistèmics | F33: 01.3.6 | G33: Gestionar i intervenir en la dinàmica de poblacions de fauna que no tenen depredador natural | H33: Específic | I33: Optatiu | J33: Gestionar i intervenir en la dinàmica de poblacions de fauna que no tenen depredador natural. | L33: Si | M33: Mitjana | O33: Execució d'actuacions de control directe de poblacions de fauna cinegètica (senglar, cabirol, conill) a les zones de seguretat i refugi de fauna salvatge a l'ENP amb coordinació amb el cos d'Agents Rurals i Societats de caçadors. | Q33: SENP/SFF: Definir criteris metodològics | R33: Nombre d'actuacions | S33: 4 | T33: 8 | V33: =U33*4 -> 0 | W33: Àrea tècnica | X33: Tècnic/a | Y33: Altres mitjans | Z33: Altres aportacions | AA33: X | AB33: X | AC33: X | AD33: X
A34: Eix 01 - Natura | B34: OG 01 | C34: CONSERVAR LA NATURA i restaurar els ecosistemes, els processos naturals i seminaturals, la biodiversitat i la geodiversitat associada. | D34: 01.4 | E34: Alinear l'activitat de propietaris i gestors del territori amb la conservació, millora i restauració dels valors de l'ENP | F34: 01.4.1 | G34: Fomentar acords de custòdia en espais d'alt valor dins l'ENP per a la gestió dels elements prioritaris | H34: Comú | I34: Obligatori | J34: Fomentar acords de custòdia en espais d'alt valor dins l'ENP per a la gestió dels elements prioritaris. | K34: No aplica | M34: Màxima | V34: =U34*4 -> 0
A35: Eix 01 - Natura | B35: OG 01 | C35: CONSERVAR LA NATURA i restaurar els ecosistemes, els processos naturals i seminaturals, la biodiversitat i la geodiversitat associada. | D35: 01.4 | E35: Alinear l'activitat de propietaris i gestors del territori amb la conservació, millora i restauració dels valors de l'ENP | F35: 01.4.2 | G35: Fomentar bones pràctiques entre els col·lectius de propietaris i gestors del territori | H35: Comú | I35: Optatiu | J35: Fomentar bones pràctiques entre els col·lectius de propietaris i gestors del territori | L35: Si | M35: Alta | O35: Redacció d'un document tècnic pel foment de bones pràctiques en la gestió de prats i marges a favor dels pol·linitzadors dins l'ENP | R35: Sí/No | T35: Sí | V35: =U35*4 -> 0 | W35: Àrea tècnica | X35: Tècnic/a | Y35: Contractació externa | Z35: Subjecte a ajuts | AC35: X
A36: Eix 01 - Natura | B36: OG 01 | C36: CONSERVAR LA NATURA i restaurar els ecosistemes, els processos naturals i seminaturals, la biodiversitat i la geodiversitat associada. | D36: 01.4 | E36: Alinear l'activitat de propietaris i gestors del territori amb la conservació, millora i restauració dels valors de l'ENP | F36: 01.4.2 | G36: Fomentar bones pràctiques entre els col·lectius de propietaris i gestors del territori | H36: Comú | I36: Optatiu | J36: Fomentar bones pràctiques entre els col·lectius de propietaris i gestors del territori. | L36: Si | M36: Alta | O36: Redacció d'un document tècnic pel foment de bones pràctiques en la organització d'esdeveniment lúdic-esportius dins de l'ENP. | R36: Sí/No | T36: Sí | V36: =U36*4 -> 0 | W36: Àrea tècnica | X36: Tècnic/a | Y36: Contractació externa | Z36: Subjecte a ajuts | AC36: X
A37: Eix 01 - Natura | B37: OG 01 | C37: CONSERVAR LA NATURA i restaurar els ecosistemes, els processos naturals i seminaturals, la biodiversitat i la geodiversitat associada. | D37: 01.4 | E37: Alinear l'activitat de propietaris i gestors del territori amb la conservació, millora i restauració dels valors de l'ENP | F37: 01.4.2 | G37: Fomentar bones pràctiques entre els col·lectius de propietaris i gestors del territori | H37: Comú | I37: Optatiu | J37: Fomentar bones pràctiques entre els col·lectius de propietaris i gestors del territori. | L37: Si | M37: Alta | O37: Redacció d'un document tècnic pel foment de bones pràctiques en l'entrenament esportiu dins l'Estany de Banyoles. | R37: Sí/No | T37: Sí | V37: =U37*4 -> 0 | W37: Àrea tècnica | X37: Tècnic/a | Y37: Contractació externa | Z37: Subjecte a ajuts | AB37: X
A38: Eix 01 - Natura | B38: OG 01 | C38: CONSERVAR LA NATURA i restaurar els ecosistemes, els processos naturals i seminaturals, la biodiversitat i la geodiversitat associada. | D38: 01.4 | E38: Alinear l'activitat de propietaris i gestors del territori amb la conservació, millora i restauració dels valors de l'ENP | F38: 01.4.3 | G38: Impulsar la coordinació amb els ens locals en la gestió finques públiques situades dins d’ENP | H38: Específic | I38: Optatiu | J38: Coordinar i gestionar les propietats públiques o en règim de custòdia de l'espai. | K38: El Consorci de l'Estany té definit en els seus estatus la gestió de les finques públiques i en custòdia i ho realitza des de la seva creació. | L38: Si | M38: Màxima | O38: Gestió de les finques públiques i en règim de custòdia de l'ENP. | P38: ESNATURA | R38: Sí/No | T38: Sí | V38: =U38*4 -> 0 | W38: Àrea coordinació | X38: =IF(W38=Llistes!$B$18,Llistes!$D$18,IF(W38=Llistes!$B$20,Llistes!$D$20,IF(W38=Llistes!$B$22,Llistes!$D$22,IF(W38=Llistes!$B$23,Llistes!$D$23,IF(W38=Llistes!$B$24,Llistes!$D$24,IF(W38=Llistes!$B$28,Llistes!$D$28)))))) -> Tècnic coordinador | Y38: Contractació externa i mitjans propis | Z38: Fons propis | AA38: X | AB38: X | AC38: X | AD38: X
A39: Eix 01 - Natura | B39: OG 02 | C39: ADAPTAR ELS ECOSISTEMES AL CANVI CLIMÀTIC i millorar-ne la resiliència en front dels riscos associats. | D39: 02.1 | E39: Planificar l'adaptació dels sistemes naturals al canvi climàtic | F39: 02.1.1 | G39: Adaptar i implementar el Pla d'adaptació de l'ENP al canvi climàtic | H39: Comú | I39: Obligatori | J39: Adaptar i implementar el Pla d'adaptació de l'ENP al canvi climàtic | L39: Si | M39: Alta | O39: Redacció d'un Pla d'adaptació de l'ENP al canvi climàtic. | Q39: OCCC/SENP: Elaboració del model de Pla d'adaptació dels ENP al canvi climàtic | R39: Sí/No | T39: Sí | V39: =U39*4 -> 0 | W39: Àrea tècnica | X39: Tècnic/a | Y39: Contractació externa | Z39: Fons propis | AD39: X
A40: Eix 01 - Natura | B40: OG 02 | C40: ADAPTAR ELS ECOSISTEMES AL CANVI CLIMÀTIC i millorar-ne la resiliència en front dels riscos associats. | D40: 02.1 | E40: Planificar l'adaptació dels sistemes naturals al canvi climàtic | F40: 02.1.2 | G40: Gestionar i planificar els recursos hídrics de l'ENP | H40: Comú | I40: Obligatori | J40: Gestionar i planificar els recursos hídrics de l'ENP | L40: Si | M40: Alta | O40: Assistència a reunions amb els òrgans competents de gestió de l'aigua (Ajuntament de Banyoles i ACA) aportant directrius de conservació del patrimoni natural i del medi físic. | R40: Nombre de reunions | S40: 4 | T40: 8 | V40: =U40*4 -> 0 | W40: Àrea coordinació | X40: =IF(W40=Llistes!$B$18,Llistes!$D$18,IF(W40=Llistes!$B$20,Llistes!$D$20,IF(W40=Llistes!$B$22,Llistes!$D$22,IF(W40=Llistes!$B$23,Llistes!$D$23,IF(W40=Llistes!$B$24,Llistes!$D$24,IF(W40=Llistes!$B$28,Llistes!$D$28)))))) -> Tècnic coordinador | Y40: Mitjans propis | Z40: Fons propis | AA40: X | AB40: X | AC40: X | AD40: X
A41: Eix 01 - Natura | B41: OG 02 | C41: ADAPTAR ELS ECOSISTEMES AL CANVI CLIMÀTIC i millorar-ne la resiliència en front dels riscos associats. | D41: 02.1 | E41: Planificar l'adaptació dels sistemes naturals al canvi climàtic | F41: 02.1.3 | G41: Participar en la redacció i execució dels instruments d'ordenació forestal sostenible i per la conservació en finques públiques | H41: Específic | I41: Optatiu | J41: Participar en la redacció i execució dels instruments d'ordenació forestal sostenible i per la conservació en finques públiques. | L41: Si | M41: Mitjana | O41: Redacció d'un instrument per l'ordenació forestal a favor de la conservació de la biodiversitat a la finca de Mas Torrentmal i puig Clarà. | Q41: DGEFMN: Redacció d'IOF en finques públiques | R41: Sí/No | T41: Sí | V41: =U41*4 -> 0 | W41: Àrea tècnica | X41: Tècnic/a | Y41: Contractació externa | Z41: Fons propis | AB41: X
A42: Eix 01 - Natura | B42: OG 02 | C42: ADAPTAR ELS ECOSISTEMES AL CANVI CLIMÀTIC i millorar-ne la resiliència en front dels riscos associats. | D42: 02.1 | E42: Planificar l'adaptació dels sistemes naturals al canvi climàtic | F42: 02.1.3 | G42: Participar en la redacció i execució dels instruments d'ordenació forestal sostenible i per la conservació en finques públiques | H42: Específic | I42: Optatiu | J42: Participar en la redacció i execució dels instruments d'ordenació forestal sostenible i per la conservació en finques públiques. | L42: Si | M42: Mitjana | O42: Redacció d'un instrument per l'ordenació forestal a favor de la conservació de la biodiversitat al paratge de les Estunes. | Q42: DGEFMN: Redacció d'IOF en finques públiques | R42: Sí/No | T42: Sí | V42: =U42*4 -> 0 | W42: Àrea tècnica | X42: Tècnic/a | Y42: Contractació externa | Z42: Fons propis | AC42: X
A43: Eix 01 - Natura | B43: OG 02 | C43: ADAPTAR ELS ECOSISTEMES AL CANVI CLIMÀTIC i millorar-ne la resiliència en front dels riscos associats. | D43: 02.2 | E43: Planificar la prevenció i extinció d’incendis forestals i la gestió del foc de forma coordinada amb els diferents agents del territori | F43: 02.2.1 | G43: Redactar i implementar el Pla de Prevenció d'Incendis | H43: Comú | I43: Obligatori | J43: Redactar i implementar el Pla de Prevenció d'Incendis. | K43: No s'aplica en aquest període | M43: Alta | P43: ESNATURA | Q43: Equip de PPI: Disseny del protocol de treball | V43: =U43*4 -> 0
A44: Eix 01 - Natura | B44: OG 02 | C44: ADAPTAR ELS ECOSISTEMES AL CANVI CLIMÀTIC i millorar-ne la resiliència en front dels riscos associats. | D44: 02.2 | E44: Planificar la prevenció i extinció d’incendis forestals i la gestió del foc de forma coordinada amb els diferents agents del territori | F44: 02.2.2 | G44: Definir i planificar la gestió del foc per a la millora de l'ENP | H44: Específic | I44: Obligatori | J44: Definir i planificar la gestió del foc per a la millora de l'ENP. | K44: No aplica | M44: Alta | V44: =U44*4 -> 0
A45: Eix 01 - Natura | B45: OG 02 | C45: ADAPTAR ELS ECOSISTEMES AL CANVI CLIMÀTIC i millorar-ne la resiliència en front dels riscos associats. | D45: 02.2 | E45: Planificar la prevenció i extinció d’incendis forestals i la gestió del foc de forma coordinada amb els diferents agents del territori | F45: 02.2.3 | G45: Treballar per a la prevenció d'incendis juntament amb els propietaris, ajuntaments, protecció civil, ADF i bombers. | H45: Comú | I45: Obligatori | J45: Treballar per a la prevenció d'incendis juntament amb els propietaris, ajuntaments, protecció civil, ADF i bombers. | L45: Si | M45: Mitjana | O45: Assistència i participació en meses de decisió per la prevenció d'incendis. | R45: Nombre de reunions | S45: 2 | T45: 4 | V45: =U45*4 -> 0 | W45: Direcció | X45: =IF(W45=Llistes!$B$18,Llistes!$D$18,IF(W45=Llistes!$B$20,Llistes!$D$20,IF(W45=Llistes!$B$22,Llistes!$D$22,IF(W45=Llistes!$B$23,Llistes!$D$23,IF(W45=Llistes!$B$24,Llistes!$D$24,IF(W45=Llistes!$B$28,Llistes!$D$28)))))) -> Director | Y45: Mitjans propis | Z45: Fons propis | AA45: X | AB45: X | AC45: X | AD45: X
A46: Eix 01 - Natura | B46: OG 03 | C46: PROTEGIR LA BIODIVERSITAT, i especialment els elements fràgils i amenaçats, d’interès comunitari o de major interès natural. | D46: 03.1 | E46: Prevenir, minimitzar i compensar els impactes ambientals dels usos i activitats que es desenvolupin en l'àmbit de l'ENP | F46: 03.1.1 | G46: Participar en les consultes dels processos d'Avaluació Ambiental que afectin directament o indirectament l’espai del ENP | H46: Comú | I46: Obligatori | J46: Participar en les consultes dels processos d'Avaluació Ambiental que afectin directament o indirectament l’espai del ENP. | L46: Si | M46: Mitjana | O46: Assistència a reunions tècniques amb l'equip de la Oficina Territorial d'Acció i Avaluació Ambiental dels Serveis Territorial de Girona, i si s'escau redacció d'informes. | R46: Sí/No | T46: Sí | V46: =U46*4 -> 0 | W46: Àrea coordinació | X46: =IF(W46=Llistes!$B$18,Llistes!$D$18,IF(W46=Llistes!$B$20,Llistes!$D$20,IF(W46=Llistes!$B$22,Llistes!$D$22,IF(W46=Llistes!$B$23,Llistes!$D$23,IF(W46=Llistes!$B$24,Llistes!$D$24,IF(W46=Llistes!$B$28,Llistes!$D$28)))))) -> Tècnic coordinador | Y46: Mitjans propis | Z46: Fons propis | AA46: X | AB46: X | AC46: X | AD46: X
A47: Eix 01 - Natura | B47: OG 03 | C47: PROTEGIR LA BIODIVERSITAT, i especialment els elements fràgils i amenaçats, d’interès comunitari o de major interès natural. | D47: 03.1 | E47: Prevenir, minimitzar i compensar els impactes ambientals dels usos i activitats que es desenvolupin en l'àmbit de l'ENP | F47: 03.1.2 | G47: Exercir un seguiment efectiu de les obres al Parc juntament amb les Oficines Territorials d'Acció i Avaluació Ambiental als efectes d'assegurar la correcta translació de la tutela administrativa. | H47: Comú | I47: Obligatori | J47: Exercir un seguiment efectiu de les obres a l'ENP juntament amb les Oficines Territorials d'Acció i Avaluació Ambiental als efectes d'assegurar la correcta translació de la tutela administrativa. | L47: Si | M47: Mitjana | O47: Realització de visites als treballs informats per l'òrgan de gestió, en coordinació amb l'Oficina Territorial d'Avaluació Ambiental. | R47: Nombre de visites d'inspecció relacionades amb els informes | S47: 1 | T47: 4 | V47: =U47*4 -> 0 | W47: Àrea coordinació | X47: =IF(W47=Llistes!$B$18,Llistes!$D$18,IF(W47=Llistes!$B$20,Llistes!$D$20,IF(W47=Llistes!$B$22,Llistes!$D$22,IF(W47=Llistes!$B$23,Llistes!$D$23,IF(W47=Llistes!$B$24,Llistes!$D$24,IF(W47=Llistes!$B$28,Llistes!$D$28)))))) -> Tècnic coordinador | Y47: Mitjans propis | Z47: Fons propis | AA47: X | AB47: X | AC47: X | AD47: X
A48: Eix 01 - Natura | B48: OG 03 | C48: PROTEGIR LA BIODIVERSITAT, i especialment els elements fràgils i amenaçats, d’interès comunitari o de major interès natural. | D48: 03.1 | E48: Prevenir, minimitzar i compensar els impactes ambientals dels usos i activitats que es desenvolupin en l'àmbit de l'ENP | F48: 03.1.3 | G48: Participar en la compensació d'impactes residuals durant els processos d'avaluació ambiental mitjançant la identificació de necessitats d'actuació prioritària dins i fora dels límits de l’ENP | H48: Comú | I48: Optatiu | J48: Participar en la compensació d'impactes residuals durant els processos d'avaluació ambiental mitjançant la identificació de necessitats d'actuació prioritària dins i fora dels límits de l’ENP. | K48: No correspon | M48: Mitjana | V48: =U48*4 -> 0
A49: Eix 01 - Natura | B49: OG 03 | C49: PROTEGIR LA BIODIVERSITAT, i especialment els elements fràgils i amenaçats, d’interès comunitari o de major interès natural. | D49: 03.2 | E49: Garantir el compliment dels objectius de conservació dotant l'ENP de la planificació adequada segons estableix la normativa vigent (Pla de Protecció, PRUG, plans específics...) | F49: 03.2.1 | G49: Participar en l'elaboració dels instruments de planificació de l'ENP | H49: Comú | I49: Obligatori | J49: Participar en l'elaboració dels instruments de planificació de l'ENP. | K49: No estem d'acord en que aquest objectiu operatiu es trobi en aquest apartat. Hauria d'estar a l'EIX de Gestió i Administració dins l'OBJECTIU general 15 i amb un nou objectiu estratègic 15.0 | L49: Si | M49: Màxima | O49: Realització de reunions tècniques amb el Servei de Planificació d'Espais Naturals de la Generalitat de Catalunya per l'elaboració d'instruments de planificació de l'ENP. | Q49: SPEN: Elaboració del Pla rector d'usos i gestió. SPEN: Elaboració del Pla rector d'usos i gestió | R49: Nombre de reunions | S49: 1 | T49: 4 | V49: =U49*4 -> 0 | W49: Direcció | X49: =IF(W49=Llistes!$B$18,Llistes!$D$18,IF(W49=Llistes!$B$20,Llistes!$D$20,IF(W49=Llistes!$B$22,Llistes!$D$22,IF(W49=Llistes!$B$23,Llistes!$D$23,IF(W49=Llistes!$B$24,Llistes!$D$24,IF(W49=Llistes!$B$28,Llistes!$D$28)))))) -> Director | Y49: Mitjans propis | Z49: Fons propis | AA49: X | AB49: X | AC49: X | AD49: X
A50: Eix 01 - Natura | B50: OG 03 | C50: PROTEGIR LA BIODIVERSITAT, i especialment els elements fràgils i amenaçats, d’interès comunitari o de major interès natural. | D50: 03.3 | E50: Vetllar pel manteniment dels cabals ecològics i la bona qualitat dels cursos fluvials de l'ENP de forma coordinada amb l'administració competent | F50: 03.3.1 | G50: Vetllar pel manteniment del cabal ecològic dels rius definit al Pla sectorial corresponent | H50: Específic | I50: Obligatori | J50: Vetllar pel manteniment ecològic dels recs i rieres del Pla sectorial corresponent. | K50: Text adaptat a l'espai natural | L50: No | M50: Alta | O50: Realització de reunions amb la Comissió Tècnica per la gestió de l'aigua a l'Estany de Banyoles. | P50: ESNATURA | Q50: ACA/CHE: Determinar els cabals ecològics en espais naturals protegits | R50: Nombre de reunions | S50: 1 | T50: 4 | V50: =U50*4 -> 0 | W50: Àrea coordinació | X50: =IF(W50=Llistes!$B$18,Llistes!$D$18,IF(W50=Llistes!$B$20,Llistes!$D$20,IF(W50=Llistes!$B$22,Llistes!$D$22,IF(W50=Llistes!$B$23,Llistes!$D$23,IF(W50=Llistes!$B$24,Llistes!$D$24,IF(W50=Llistes!$B$28,Llistes!$D$28)))))) -> Tècnic coordinador | Y50: Mitjans propis | Z50: Fons propis | AA50: X | AB50: X | AC50: X | AD50: X
A51: Eix 01 - Natura | B51: OG 03 | C51: PROTEGIR LA BIODIVERSITAT, i especialment els elements fràgils i amenaçats, d’interès comunitari o de major interès natural. | D51: 03.3 | E51: Vetllar pel manteniment dels cabals ecològics i la bona qualitat dels cursos fluvials de l'ENP de forma coordinada amb l'administració competent | F51: 03.3.1 | G51: Vetllar pel manteniment del cabal ecològic dels rius definit al Pla sectorial corresponent | H51: Específic | I51: Obligatori | J51: Vetllar pel manteniment ecològic dels recs i rieres del Pla sectorial corresponent. | K51: Text adaptat a l'espai natural | L51: Si | M51: Alta | O51: Realització del seguiment del cabal en els trams d'interès per la flora i la fauna dins l'ENP en situacions de sequera. | P51: ESNATURA | Q51: ACA/CHE: Determinar els cabals ecològics en espais naturals protegits | R51: Sí/No | T51: Sí | V51: =U51*4 -> 0 | W51: Àrea tècnica | X51: Tècnic/a | Y51: Mitjans propis | Z51: Fons propis | AA51: X | AB51: X | AC51: X | AD51: X
A52: Eix 01 - Natura | B52: OG 03 | C52: PROTEGIR LA BIODIVERSITAT, i especialment els elements fràgils i amenaçats, d’interès comunitari o de major interès natural. | D52: 03.3 | E52: Vetllar pel manteniment dels cabals ecològics i la bona qualitat dels cursos fluvials de l'ENP de forma coordinada amb l'administració competent | F52: 03.3.2 | G52: Vetllar per la regulació dels dragatges, canalitzacions o implantació d'activitats extractives que puguin modificar la llera i el cabal dels rius | H52: Específic | I52: Optatiu | K52: No correspon | V52: =U52*4 -> 0
A53: Eix 01 - Natura | B53: OG 03 | C53: PROTEGIR LA BIODIVERSITAT, i especialment els elements fràgils i amenaçats, d’interès comunitari o de major interès natural. | D53: 03.3 | E53: Vetllar pel manteniment dels cabals ecològics i la bona qualitat dels cursos fluvials de l'ENP de forma coordinada amb l'administració competent | F53: 03.3.3 | G53: Avaluar i controlar les actuacions que produeixin drenatges, captacions o que puguin impedir l’arribada d’aigua tant superficial com freàtica | H53: Específic | I53: Optatiu | J53: Avaluar i controlar les actuacions que produeixin drenatges, captacions o que puguin impedir l’arribada d’aigua tant superficial com freàtica. | L53: Si | M53: Alta | O53: Redacció d'un inventari de captacions dins de l'ENP. | R53: Sí/No | T53: Sí | V53: =U53*4 -> 0 | W53: Àrea tècnica | X53: Tècnic/a | Y53: Mitjans propis | Z53: Fons propis | AC53: X
A54: Eix 01 - Natura | B54: OG 03 | C54: PROTEGIR LA BIODIVERSITAT, i especialment els elements fràgils i amenaçats, d’interès comunitari o de major interès natural. | D54: 03.3 | E54: Vetllar pel manteniment dels cabals ecològics i la bona qualitat dels cursos fluvials de l'ENP de forma coordinada amb l'administració competent | F54: 03.3.4 | G54: Vetllar pel compliment de la normativa de depuració dels efluents agroramaders, urbans i industrials que s'aboquen als cursos fluvials | H54: Específic | I54: Optatiu | J54: Vetllar pel compliment de la normativa de depuració dels efluents agroramaders, urbans i industrials que s'aboquen als cursos fluvials. | L54: Si | M54: Alta | O54: Redacció d'un inventari de punts potencials d'emissió d'efluents agroramaders o urbans que afecten a l'ENP. | R54: Sí/No | T54: Sí | V54: =U54*4 -> 0 | W54: Àrea tècnica | X54: Tècnic/a | Y54: Mitjans propis | Z54: Fons propis | AD54: X
A55: Eix 01 - Natura | B55: OG 03 | C55: PROTEGIR LA BIODIVERSITAT, i especialment els elements fràgils i amenaçats, d’interès comunitari o de major interès natural. | D55: 03.4 | E55: Incrementar el patrimoni públic destinat a la conservació i millora del patrimoni natural | F55: 03.4.1 | G55: Identificar espais prioritaris per a la compra de terrenys de més valor dins l'ENP | H55: Comú | I55: Optatiu | J55: Identificar espais prioritaris per a la compra de terrenys de més valor dins l'ENP. | L55: Si | M55: Alta | O55: Elaboració d'un catàleg de finques d'interès per a la conservació i/o renaturalització dins l'ENP. | Q55: SENP/SPEN: Facilitar els criteris a seguir | R55: Sí/No | T55: Sí | V55: =U55*4 -> 0 | W55: Àrea tècnica | X55: Tècnic/a | Y55: Mitjans propis | Z55: Fons propis | AA55: X
A56: Eix 01 - Natura | B56: OG 03 | C56: PROTEGIR LA BIODIVERSITAT, i especialment els elements fràgils i amenaçats, d’interès comunitari o de major interès natural. | D56: 03.4 | E56: Incrementar el patrimoni públic destinat a la conservació i millora del patrimoni natural | F56: 03.4.2 | G56: Identificar espais prioritaris per a la gestió directa | H56: Comú | I56: Optatiu | J56: Identificar espais prioritaris per a la gestió directa. | L56: Si | M56: Alta | O56: Redacció d'un inventari de finques públiques i conveniades del Consorci de l'Estany i establir els objectius generals de gestió directa. | Q56: SENP/SPEN: Facilitar els criteris a seguir | R56: Sí/No | T56: Sí | V56: =U56*4 -> 0 | W56: Àrea tècnica | X56: Tècnic/a | Y56: Mitjans propis | Z56: Fons propis | AA56: X
A57: Eix 01 - Natura | B57: OG 03 | C57: PROTEGIR LA BIODIVERSITAT, i especialment els elements fràgils i amenaçats, d’interès comunitari o de major interès natural. | D57: 03.4 | E57: Incrementar el patrimoni públic destinat a la conservació i millora del patrimoni natural | F57: 03.4.2 | G57: Identificar espais prioritaris per a la gestió directa | H57: Comú | I57: Optatiu | J57: Identificar espais prioritaris per a la gestió directa. | L57: Si | M57: Alta | O57: Potenciar la inversió i la millora les instal·lacions del Laboratori de cria de nàiades de l’Estany de Banyoles | Q57: SENP/SPEN: Facilitar els criteris a seguir | R57: Sí/No | T57: Sí | V57: =U57*4 -> 0 | W57: Àrea tècnica | X57: Tècnic/a | Y57: Mitjans propis | Z57: Fons propis | AA57: X | AB57: X | AC57: X | AD57: X
A58: Eix 01 - Natura | B58: OG 03 | C58: PROTEGIR LA BIODIVERSITAT, i especialment els elements fràgils i amenaçats, d’interès comunitari o de major interès natural. | D58: 03.4 | E58: Incrementar el patrimoni públic destinat a la conservació i millora del patrimoni natural | F58: 03.4.2 | G58: Identificar espais prioritaris per a la gestió directa | H58: Comú | I58: Optatiu | J58: Identificar espais prioritaris per a la gestió directa. | L58: Si | M58: Alta | O58: Impulsar el Laboratori de cria de nàiades de l’Estany de Banyoles com un centre de recerca i producció de nàiades i peixos hostes a nivell Català. | Q58: SENP/SPEN: Facilitar els criteris a seguir | R58: Sí/No | T58: Sí | V58: =U58*4 -> 0 | W58: Àrea tècnica | X58: Tècnic/a | Y58: Mitjans propis | Z58: Fons propis | AA58: X | AB58: X | AC58: X | AD58: X
A59: Eix 02 - Cultura | B59: OG 04 | C59: CONSERVAR ELS ELEMENTS CULTURALS materials i immaterials vinculats a la natura | D59: 04.1 | E59: Millorar el coneixement disponible sobre el patrimoni arquitectònic i cultural (material i immaterial) vinculat al patrimoni natural, el seu estat de conservació i els estils propis dels territoris de l'ENP | F59: 04.1.1 | G59: Elaborar l'inventari i cartografia de patrimoni cultural de l'ENP, que també inclogui el patrimoni etnològic i immaterial | H59: Comú | I59: Optatiu | J59: Elaborar l'inventari i cartografia de patrimoni cultural de l'ENP, que també inclogui el patrimoni etnològic i immaterial. | L59: Si | M59: Mitjana | O59: Redacció d'un inventari de patrimoni cultural material i immaterial. | R59: Sí/No | T59: Sí | V59: =U59*4 -> 0 | W59: Àrea tècnica | X59: Tècnic/a | Y59: Contractació externa | Z59: Fons propis | AD59: X
A60: Eix 02 - Cultura | B60: OG 04 | C60: CONSERVAR ELS ELEMENTS CULTURALS materials i immaterials vinculats a la natura | D60: 04.1 | E60: Millorar el coneixement disponible sobre el patrimoni arquitectònic i cultural (material i immaterial) vinculat al patrimoni natural, el seu estat de conservació i els estils propis dels territoris de l'ENP | F60: 04.1.2 | G60: Elaborar el catàleg lingüístic (localismes) de patrimoni natural, geografia popular, festes i activitats tradicionals de l'ENP | H60: Comú | I60: Optatiu | J60: Elaborar el catàleg lingüístic (localismes) de patrimoni natural, geografia popular, festes i activitats tradicionals de l'ENP. | K60: No s'aplica en aquest període | M60: Mitjana | V60: =U60*4 -> 0
A61: Eix 02 - Cultura | B61: OG 04 | C61: CONSERVAR ELS ELEMENTS CULTURALS materials i immaterials vinculats a la natura | D61: 04.1 | E61: Millorar el coneixement disponible sobre el patrimoni arquitectònic i cultural (material i immaterial) vinculat al patrimoni natural, el seu estat de conservació i els estils propis dels territoris de l'ENP | F61: 04.1.3 | G61: Elaborar la cartografia de la xarxa de camins ramaders i senders tradicionals de l'ENP | H61: Comú | I61: Optatiu | J61: Disposar de la cartografia de la xarxa de camins i senders de l'ENP. | K61: S'adapta a l'ENP de Banyoles | L61: Si | M61: Mitjana | O61: Elaboració de la cartografia de la xarxa de camins i senders de l'ENP. | R61: Sí/No | T61: Sí | V61: =U61*4 -> 0 | W61: Àrea tècnica | X61: Tècnic/a | Y61: Contractació externa | Z61: Fons propis | AB61: X
A62: Eix 02 - Cultura | B62: OG 04 | C62: CONSERVAR ELS ELEMENTS CULTURALS materials i immaterials vinculats a la natura | D62: 04.2 | E62: Conservar i gestionar el patrimoni cultural de l'ENP de forma coordinada amb els agents responsables i entitats de referència | F62: 04.2.1 | G62: Identificar els ens de referència en patrimoni cultural (entitats, associacions, museus i ecomuseus, etc.) en l'àmbit de l'ENP | H62: Comú | I62: Obligatori | J62: Identificar els ens de referència en patrimoni cultural (entitats, associacions, museus i ecomuseus, etc.) en l'àmbit de l'ENP. | K62: No aplica | M62: Mitjana | V62: =U62*4 -> 0
A63: Eix 02 - Cultura | B63: OG 04 | C63: CONSERVAR ELS ELEMENTS CULTURALS materials i immaterials vinculats a la natura | D63: 04.2 | E63: Conservar i gestionar el patrimoni cultural de l'ENP de forma coordinada amb els agents responsables i entitats de referència | F63: 04.2.2 | G63: Articular treballs conjunts entre l'ENP i representants, gestors o custodis del patrimoni cultural per a la seva protecció i millora | H63: Comú | I63: Optatiu | J63: Articular treballs conjunts entre l'ENP i representants, gestors o custodis del patrimoni cultural per a la seva protecció i millora. | K63: No s'aplica en aquest període | M63: Mitjana | V63: =U63*4 -> 0
A64: Eix 02 - Cultura | B64: OG 04 | C64: CONSERVAR ELS ELEMENTS CULTURALS materials i immaterials vinculats a la natura | D64: 04.2 | E64: Conservar i gestionar el patrimoni cultural de l'ENP de forma coordinada amb els agents responsables i entitats de referència | F64: 04.2.3 | G64: Coordinar i participar dels treballs de restauració arquitectònica i del patrimoni cultural | H64: Comú | I64: Optatiu | J64: Coordinar i participar dels treballs de restauració arquitectònica i del patrimoni cultural. | M64: Mitjana | O64: Participació tècnica en la reordenació de l'entorn immediat de l'església de Santa Maria de Porqueres. | R64: Sí/No | T64: Sí | V64: =U64*4 -> 0 | W64: Àrea tècnica | X64: Tècnic/a | Y64: Mitjans propis | Z64: Fons propis | AA64: X | AB64: X | AC64: X
A65: Eix 02 - Cultura | B65: OG 04 | C65: CONSERVAR ELS ELEMENTS CULTURALS materials i immaterials vinculats a la natura | D65: 04.2 | E65: Conservar i gestionar el patrimoni cultural de l'ENP de forma coordinada amb els agents responsables i entitats de referència | F65: 04.2.3 | G65: Coordinar i participar dels treballs de restauració arquitectònica i del patrimoni cultural | H65: Comú | I65: Optatiu | J65: Coordinar i participar dels treballs de restauració arquitectònica i del patrimoni cultural. | M65: Mitjana | O65: Millora i manteniment de la font del Camp de Baix (can Morgat). | R65: Sí/No | T65: Sí | V65: =U65*4 -> 0 | W65: Àrea tècnica | X65: Tècnic/a | Y65: Mitjans propis | Z65: Fons propis | AA65: X | AB65: X | AC65: X | AD65: X
A66: Eix 02 - Cultura | B66: OG 04 | C66: CONSERVAR ELS ELEMENTS CULTURALS materials i immaterials vinculats a la natura | D66: 04.2 | E66: Conservar i gestionar el patrimoni cultural de l'ENP de forma coordinada amb els agents responsables i entitats de referència | F66: 04.2.3 | G66: Coordinar i participar dels treballs de restauració arquitectònica i del patrimoni cultural | H66: Comú | I66: Optatiu | J66: Coordinar i participar dels treballs de restauració arquitectònica i del patrimoni cultural. | M66: Mitjana | O66: Adequació i protecció de les mines del clot de les Deus (Porqueres). | R66: Sí/No | T66: Sí | V66: =U66*4 -> 0 | W66: Àrea tècnica | X66: Tècnic/a | Y66: Contractació externa | Z66: Fons propis | AB66: X | AC66: X | AD66: X
A67: Eix 02 - Cultura | B67: OG 04 | C67: CONSERVAR ELS ELEMENTS CULTURALS materials i immaterials vinculats a la natura | D67: 04.2 | E67: Conservar i gestionar el patrimoni cultural de l'ENP de forma coordinada amb els agents responsables i entitats de referència | F67: 04.2.4 | G67: Disposar de personal especialitzat en patrimoni cultural | H67: Comú | I67: Obligatori | J67: Disposar de personal especialitzat en patrimoni cultural. | K67: No s'aplica en aquest període | M67: Mitjana | V67: =U67*4 -> 0
A68: Eix 02 - Cultura | B68: OG 04 | C68: CONSERVAR ELS ELEMENTS CULTURALS materials i immaterials vinculats a la natura | D68: 04.3 | E68: Potenciar la conservació i recuperació del patrimoni cultural material i immaterial de l'ENP | F68: 04.3.1 | G68: Recuperar i conservar el patrimoni cultural rural immaterial associat a les activitats i aprofitaments tradicionals | H68: Comú | I68: Obligatori | J68: Recuperar i conservar el patrimoni cultural rural immaterial associat a les activitats i aprofitaments tradicionals. | K68: No s'aplica en aquest període | M68: Mitjana | P68: MAP | V68: =U68*4 -> 0
A69: Eix 02 - Cultura | B69: OG 04 | C69: CONSERVAR ELS ELEMENTS CULTURALS materials i immaterials vinculats a la natura | D69: 04.3 | E69: Potenciar la conservació i recuperació del patrimoni cultural material i immaterial de l'ENP | F69: 04.3.2 | G69: Recuperar i conservar el patrimoni cultural rural vinculat específicament a construccions de pedra en sec | H69: Específic | I69: Obligatori | J69: Recuperar i conservar el patrimoni cultural rural vinculat específicament a construccions de pedra en sec. | K69: No aplica a l'ENP | M69: Mitjana | P69: MAP | V69: =U69*4 -> 0
A70: Eix 02 - Cultura | B70: OG 04 | C70: CONSERVAR ELS ELEMENTS CULTURALS materials i immaterials vinculats a la natura | D70: 04.3 | E70: Potenciar la conservació i recuperació del patrimoni cultural material i immaterial de l'ENP | F70: 04.3.3 | G70: Fomentar la recuperació i conservació de l'arquitectura tradicional d'interès de les edificacions i construccions | H70: Comú | I70: Optatiu | J70: Fomentar la recuperació i conservació de l'arquitectura tradicional d'interès de les edificacions i construccions. | K70: No competents | M70: Mitjana | V70: =U70*4 -> 0
A71: Eix 02 - Cultura | B71: OG 04 | C71: CONSERVAR ELS ELEMENTS CULTURALS materials i immaterials vinculats a la natura | D71: 04.3 | E71: Potenciar la conservació i recuperació del patrimoni cultural material i immaterial de l'ENP | F71: 04.3.4 | G71: Identificar i conservar la diversitat domesticada de varietats agrícoles i ramaderes locals | H71: Comú | I71: Obligatori | J71: Identificar i conservar la diversitat domesticada de varietats agrícoles i ramaderes locals. | K71: Espai de petita dimensió, no aplica | M71: Mitjana | P71: ESNATURA | V71: =U71*4 -> 0
A72: Eix 02 - Cultura | B72: OG 04 | C72: CONSERVAR ELS ELEMENTS CULTURALS materials i immaterials vinculats a la natura | D72: 04.4 | E72: Donar a conèixer els elements culturals com a valors del paisatge de l'ENP en les activitats d'ús públic | F72: 04.4.1 | G72: Integrar el patrimoni cultural als itineraris i cartelleria de l'ENP. | H72: Comú | I72: Obligatori | J72: Integrar el patrimoni cultural als itineraris i senyalètica de l'ENP. | M72: Mitjana | O72: Tenir en compte en nova senyalètica els elements del patrimoni cultural i manteniment d'aquests elements a la senyalètica existent. | R72: Sí/No | T72: Si | V72: =U72*4 -> 0 | W72: Àrea tècnica | X72: Tècnic/a | Y72: Mitjans propis | Z72: Fons propis | AA72: X | AB72: X | AC72: X | AD72: X
A73: Eix 02 - Cultura | B73: OG 04 | C73: CONSERVAR ELS ELEMENTS CULTURALS materials i immaterials vinculats a la natura | D73: 04.4 | E73: Donar a conèixer els elements culturals com a valors del paisatge de l'ENP en les activitats d'ús públic | F73: 04.4.2 | G73: Incorporar el patrimoni cultural en els plans d’ús públic i educació ambiental per fomentar-ne la seva conservació i divulgació. | H73: Comú | I73: Obligatori | J73: Incorporar el patrimoni cultural en els plans d’ús públic i educació ambiental per fomentar-ne la seva conservació i divulgació. | L73: Si | M73: Mitjana | O73: Consideració del patrimoni cultural en les activitats d'educació ambiental per fomentar-ne la seva conservació i divulgació. | R73: Sí/No | T73: Sí | V73: =U73*4 -> 0 | W73: Àrea tècnica | X73: Tècnic/a | Y73: Mitjans propis | Z73: Fons propis | AA73: X | AB73: X | AC73: X | AD73: X
A74: Eix 02 - Cultura | B74: OG 04 | C74: CONSERVAR ELS ELEMENTS CULTURALS materials i immaterials vinculats a la natura | D74: 04.4 | E74: Donar a conèixer els elements culturals com a valors del paisatge de l'ENP en les activitats d'ús públic | F74: 04.4.3 | G74: Formar el personal dels punts d’informació en els valors culturals de l'ENP | H74: Comú | I74: Obligatori | J74: Formar el personal dels punts d’informació en els valors culturals de l'ENP. | K74: No aplica, no es disposa de punts d'informació. Els existents són municipals. | M74: Mitjana | V74: =U74*4 -> 0
A75: Eix 02 - Cultura | B75: OG 05 | C75: PROTEGIR EL PAISATGE i la qualitat de l'ambient visual, sonor i lumínic. | D75: 05.1 | E75: Identificar els elements d'interès paisatgístic de l'espai | F75: 05.1.1 | G75: Elaborar un inventari d'elements d'interès paisatgístic de l'ENP d'acord amb el Catàleg de paisatge de la zona | H75: Comú | I75: Optatiu | J75: Elaborar un inventari d'elements d'interès paisatgístic de l'ENP d'acord amb el Catàleg de paisatge de la zona. | K75: No s'aplica en aquest període | M75: Mitjana | V75: =U75*4 -> 0
A76: Eix 02 - Cultura | B76: OG 05 | C76: PROTEGIR EL PAISATGE i la qualitat de l'ambient visual, sonor i lumínic. | D76: 05.2 | E76: Millorar la qualitat paisatgística | F76: 05.2.1 | G76: Desplegar actuacions de restauració dels elements d'interès paisatgístic degradats | H76: Comú | I76: Optatiu | J76: Desplegar actuacions de restauració dels elements d'interès paisatgístic degradats. | K76: No s'aplica en aquest període | M76: BAIXA | V76: =U76*4 -> 0
A77: Eix 02 - Cultura | B77: OG 05 | C77: PROTEGIR EL PAISATGE i la qualitat de l'ambient visual, sonor i lumínic. | D77: 05.2 | E77: Millorar la qualitat paisatgística | F77: 05.2.2 | G77: Gestionar l'abandonament d'infraestructures i instal·lacions amb impactes sobre els valors de l'espai | J77: Gestionar l'abandonament d'infraestructures i instal·lacions amb impactes sobre els valors de l'espai. | K77: No aplica | M77: Mitjana | V77: =U77*4 -> 0
A78: Eix 02 - Cultura | B78: OG 05 | C78: PROTEGIR EL PAISATGE i la qualitat de l'ambient visual, sonor i lumínic. | D78: 05.2 | E78: Millorar la qualitat paisatgística | F78: 05.2.3 | G78: Minimitzar la brutícia, deixalles, vandalisme i males praxis dins l'ENP | H78: Comú | I78: Obligatori | J78: Minimitzar la brutícia, deixalles, vandalisme i males praxis dins l'ENP. | K78: Objectiu no necessari en aquest eix. Cal traslladar-lo a mala praxis a l'eix de ús públic | L78: Si | M78: Mitjana | O78: Reforç de la senyalització en punts conflictius. | R78: Sí/No | T78: Sí | V78: =U78*4 -> 0 | W78: Àrea tècnica | X78: Tècnic/a | Y78: Mitjans propis | Z78: Fons propis | AA78: X | AB78: X | AC78: X | AD78: X
A79: Eix 02 - Cultura | B79: OG 05 | C79: PROTEGIR EL PAISATGE i la qualitat de l'ambient visual, sonor i lumínic. | D79: 05.3 | E79: Protegir la qualitat acústica i lumínica de l'ENP | F79: 05.3.1 | G79: Promoure la certificació de qualitat del cel nocturn | H79: Específic | I79: Optatiu | J79: Promoure la certificació de qualitat del cel nocturn. | K79: No s'aplica en aquest període | M79: Mitjana | P79: ESNATURA | V79: =U79*4 -> 0
A80: Eix 02 - Cultura | B80: OG 05 | C80: PROTEGIR EL PAISATGE i la qualitat de l'ambient visual, sonor i lumínic. | D80: 05.3 | E80: Protegir la qualitat acústica i lumínica de l'ENP | F80: 05.3.2 | G80: Promoure la certificació de zones d'especial protecció de la qualitat acústica | H80: Específic | I80: Optatiu | J80: Promoure la certificació de zones d'especial protecció de la qualitat acústica. | K80: No s'aplica en aquest període | M80: Mitjana | P80: ESNATURA | V80: =U80*4 -> 0
A81: Eix 03 - Coneixement | B81: OG 06 | C81: MILLORAR EL CONEIXEMENT DE L'ENTORN, del patrimoni natural, cultural i social. | D81: 06.1 | E81: Identificar els objectes de gestió prioritària de l'ENP en el marc dels objectius de govern | F81: 06.1.1 | G81: Identificar i prioritzar els elements clau i d'interès per la gestió de la biodiversitat i geodiversitat de Catalunya es troben dins l'ENP (especies amenaçades, espècies exòtiques invasores,.. ) | H81: Comú | I81: Obligatori | J81: Identificar i prioritzar els elements clau i d'interès per la gestió de la biodiversitat i geodiversitat de Catalunya es troben dins l'ENP (especies amenaçades, espècies exòtiques invasores, etc.). | K81: Depèn dels Serveis Centrals de la Direcció general si ens conviden a participar | L81: No | M81: Màxima | O81: Participació en la definició dels objectes de conservació clau (hàbitats, espècies, processos i elements d’interès geològic) comuns a nivell de Xarxa d'ENP o clúster territorial. | P81: Directiva Habitats Carta emplaçament ESNATURA Catàlegs | Q81: UIC/SFF/SPEN: Definir criteris d'identificació d'elements interès. UIC/SFF/SPEN: Definició dels objectes de conservació clau comuns a nivell de Xarxa d'ENP o clúster territorial | R81: Nombre de reunions | S81: 2 | T81: 4 | V81: =U81*4 -> 0 | W81: Àrea coordinació | X81: =IF(W81=Llistes!$B$18,Llistes!$D$18,IF(W81=Llistes!$B$20,Llistes!$D$20,IF(W81=Llistes!$B$22,Llistes!$D$22,IF(W81=Llistes!$B$23,Llistes!$D$23,IF(W81=Llistes!$B$24,Llistes!$D$24,IF(W81=Llistes!$B$28,Llistes!$D$28)))))) -> Tècnic coordinador | Y81: Mitjans propis | Z81: Fons propis | AA81: X | AB81: X | AC81: X | AD81: X
A82: Eix 03 - Coneixement | B82: OG 06 | C82: MILLORAR EL CONEIXEMENT DE L'ENTORN, del patrimoni natural, cultural i social. | D82: 06.1 | E82: Identificar els objectes de gestió prioritària de l'ENP en el marc dels objectius de govern | F82: 06.1.1 | G82: Identificar i prioritzar els elements clau i d'interès per la gestió de la biodiversitat i geodiversitat de Catalunya es troben dins l'ENP (especies amenaçades, espècies exòtiques invasores,.. ) | H82: Comú | I82: Obligatori | J82: Identificar i prioritzar els elements clau i d'interès per la gestió de la biodiversitat i geodiversitat de Catalunya es troben dins l'ENP (especies amenaçades, espècies exòtiques invasores,..). | L82: Si | M82: Màxima | O82: Elaboració de l'inventari d'elements geològics a l'ENP. | R82: Sí/No | T82: Sí | V82: =U82*4 -> 0 | W82: Àrea tècnica | X82: Tècnic/a | Y82: Mitjans propis | Z82: Fons propis | AD82: X
A83: Eix 03 - Coneixement | B83: OG 06 | C83: MILLORAR EL CONEIXEMENT DE L'ENTORN, del patrimoni natural, cultural i social. | D83: 06.1 | E83: Identificar els objectes de gestió prioritària de l'ENP en el marc dels objectius de govern | F83: 06.1.1 | G83: Identificar i prioritzar els elements clau i d'interès per la gestió de la biodiversitat i geodiversitat de Catalunya es troben dins l'ENP (especies amenaçades, espècies exòtiques invasores,.. ) | H83: Comú | I83: Obligatori | J83: Identificar i prioritzar els elements clau i d'interès per la gestió de la biodiversitat i geodiversitat de Catalunya es troben dins l'ENP (especies amenaçades, espècies exòtiques invasores, etc). | L83: Si | M83: Màxima | O83: Elaboració de l'inventari de flora de l'ENP. | P83: Directiva Habitats Carta emplaçament ESNATURA Catàlegs | Q83: UIC/SFF/SPEN: Definir criteris d'identificació d'elements interès. UIC/SFF/SPEN: Definició dels objectes de conservació clau comuns a nivell de Xarxa d'ENP o clúster territorial | R83: Sí/No | T83: Sí | V83: =U83*4 -> 0 | W83: Àrea tècnica | X83: Tècnic/a | Y83: Mitjans propis | Z83: Fons propis | AC83: X
A84: Eix 03 - Coneixement | B84: OG 06 | C84: MILLORAR EL CONEIXEMENT DE L'ENTORN, del patrimoni natural, cultural i social. | D84: 06.1 | E84: Identificar els objectes de gestió prioritària de l'ENP en el marc dels objectius de govern | F84: 06.1.1 | G84: Identificar i prioritzar els elements clau i d'interès per la gestió de la biodiversitat i geodiversitat de Catalunya es troben dins l'ENP (especies amenaçades, espècies exòtiques invasores,.. ) | H84: Comú | I84: Obligatori | J84: Identificar i prioritzar els elements clau i d'interès per la gestió de la biodiversitat i geodiversitat de Catalunya es troben dins l'ENP (especies amenaçades, espècies exòtiques invasores, etc.). | L84: Si | M84: Màxima | O84: Elaboració de l'inventari de fauna de l'ENP. | P84: Directiva Habitats Carta emplaçament ESNATURA Catàlegs | Q84: UIC/SFF/SPEN: Definir criteris d'identificació d'elements interès. UIC/SFF/SPEN: Definició dels objectes de conservació clau comuns a nivell de Xarxa d'ENP o clúster territorial | R84: Sí/No | T84: Sí | V84: =U84*4 -> 0 | W84: Àrea tècnica | X84: Tècnic/a | Y84: Mitjans propis | Z84: Fons propis | AB84: X
A85: Eix 03 - Coneixement | B85: OG 06 | C85: MILLORAR EL CONEIXEMENT DE L'ENTORN, del patrimoni natural, cultural i social. | D85: 06.1 | E85: Identificar els objectes de gestió prioritària de l'ENP en el marc dels objectius de govern | F85: 06.1.2 | G85: Definir espais fràgils i zones d'especial atenció | H85: Comú | I85: Obligatori | J85: Definir espais fràgils i zones d'especial atenció. | L85: Si | M85: Màxima | O85: Realització d'una cartografia de detall del conjunt de l'ENP per classificar les zones d'especial atenció per a la gestió i conservació del patrimoni natural i cultural. | Q85: SPEN: Inventari i cartografia d'espais fràgils i zones d'especial atenció | R85: Sí/No | T85: Sí | V85: =U85*4 -> 0 | W85: Àrea coordinació | X85: =IF(W85=Llistes!$B$18,Llistes!$D$18,IF(W85=Llistes!$B$20,Llistes!$D$20,IF(W85=Llistes!$B$22,Llistes!$D$22,IF(W85=Llistes!$B$23,Llistes!$D$23,IF(W85=Llistes!$B$24,Llistes!$D$24,IF(W85=Llistes!$B$28,Llistes!$D$28)))))) -> Tècnic coordinador | Y85: Contractació externa | Z85: Fons propis | AC85: X
A86: Eix 03 - Coneixement | B86: OG 06 | C86: MILLORAR EL CONEIXEMENT DE L'ENTORN, del patrimoni natural, cultural i social. | D86: 06.2 | E86: Conèixer l'estat de conservació i la seva tendència dels hàbitats, les espècies els elements de la gea i els processos ecològics com a eina per avaluar i optimitzar la gestió | F86: 06.2.1 | G86: Participar en l'elaboració de la cartografia que elabora la UIC | H86: Comú | I86: Obligatori | J86: Participar en l'elaboració de la cartografia que elabora la UIC. | L86: Si | M86: Alta | O86: Trasllat de la informació a través de seguiments del elements clau i altres d'espècies i hàbitats d'interès per la gestió a la Unitat d'Informació i Conservació (UIC). | P86: ESNATURA | Q86: UIC: Coordinar i contractar l'elaboració de la cartografia | R86: Sí/No | T86: Sí | V86: =U86*4 -> 0 | W86: Àrea tècnica | X86: Tècnic/a | Y86: Mitjans propis | Z86: Fons propis | AA86: X | AB86: X | AC86: X | AD86: X
A87: Eix 03 - Coneixement | B87: OG 06 | C87: MILLORAR EL CONEIXEMENT DE L'ENTORN, del patrimoni natural, cultural i social. | D87: 06.2 | E87: Conèixer l'estat de conservació i la seva tendència dels hàbitats, les espècies els elements de la gea i els processos ecològics com a eina per avaluar i optimitzar la gestió | F87: 06.2.2 | G87: Conèixer i estudiar els processos naturals propis de l’espai, la seva funcionalitat, i ecologia en referència als ecosistemes | H87: Comú | I87: Obligatori | J87: Conèixer i estudiar els processos naturals propis de l’espai, la seva funcionalitat, i ecologia en referència als ecosistemes. | L87: Si | M87: Mitjana | O87: Foment i col.laboració en estudis del sistema hidrogoeològic de la zona lacustre de l'Estany de Banyoles. | R87: Nombre participacions | S87: 2 | T87: 4 | V87: =U87*4 -> 0 | W87: Àrea tècnica | X87: Tècnic/a | Y87: Mitjans propis | Z87: Fons propis | AA87: X | AB87: X | AC87: X | AD87: X
A88: Eix 03 - Coneixement | B88: OG 06 | C88: MILLORAR EL CONEIXEMENT DE L'ENTORN, del patrimoni natural, cultural i social. | D88: 06.2 | E88: Conèixer l'estat de conservació i la seva tendència dels hàbitats, les espècies els elements de la gea i els processos ecològics com a eina per avaluar i optimitzar la gestió | F88: 06.2.2 | G88: Conèixer i estudiar els processos naturals propis de l’espai, la seva funcionalitat, i ecologia en referència als ecosistemes | H88: Comú | I88: Obligatori | J88: Conèixer i estudiar els processos naturals propis de l’espai, la seva funcionalitat, i ecologia en referència als ecosistemes. | L88: Si | M88: Mitjana | O88: Realització d'un catàleg de espècies de la flora orientat al forment dels pol.linitzadors a l'ENP en diferents hàbitats i determinar espais per impulsar canvis d'usos. | R88: Sí/No | T88: Si | V88: =U88*4 -> 0 | W88: Àrea tècnica | X88: Tècnic/a | Y88: Contractació externa | Z88: Fons propis | AB88: X
A89: Eix 03 - Coneixement | B89: OG 06 | C89: MILLORAR EL CONEIXEMENT DE L'ENTORN, del patrimoni natural, cultural i social. | D89: 06.2 | E89: Conèixer l'estat de conservació i la seva tendència dels hàbitats, les espècies els elements de la gea i els processos ecològics com a eina per avaluar i optimitzar la gestió | F89: 06.2.2 | G89: Conèixer i estudiar els processos naturals propis de l’espai, la seva funcionalitat, i ecologia en referència als ecosistemes | H89: Comú | I89: Obligatori | J89: Conèixer i estudiar els processos naturals propis de l’espai, la seva funcionalitat, i ecologia en referència als ecosistemes. | L89: Si | M89: Mitjana | O89: Estudi del sistema de llacunes de can Morgat i del sector de la Puda al llarg del temps per avaluar els canvis en els procesos de colonització i la seva funcionalitat ecològica. | R89: Sí/No | T89: Sí | V89: =U89*4 -> 0 | W89: Àrea tècnica | X89: Tècnic/a | Y89: Mitjans propis | Z89: Fons propis | AA89: X | AB89: X
A90: Eix 03 - Coneixement | B90: OG 06 | C90: MILLORAR EL CONEIXEMENT DE L'ENTORN, del patrimoni natural, cultural i social. | D90: 06.2 | E90: Conèixer l'estat de conservació i la seva tendència dels hàbitats, les espècies els elements de la gea i els processos ecològics com a eina per avaluar i optimitzar la gestió | F90: 06.2.2 | G90: Conèixer i estudiar els processos naturals propis de l’espai, la seva funcionalitat, i ecologia en referència als ecosistemes | H90: Comú | I90: Obligatori | J90: Conèixer i estudiar els processos naturals propis de l’espai, la seva funcionalitat, i ecologia en referència als ecosistemes. | L90: Si | M90: Mitjana | O90: Realització d'un catàleg d'elements d'interès de geoconservació, la seva delimitació i establiment de criteris de gestió a l'ENP. | R90: Sí/No | T90: Sí | V90: =U90*4 -> 0 | W90: Àrea tècnica | X90: Tècnic/a | Y90: Contractació externa | Z90: Fons propis | AD90: X
A91: Eix 03 - Coneixement | B91: OG 06 | C91: MILLORAR EL CONEIXEMENT DE L'ENTORN, del patrimoni natural, cultural i social. | D91: 06.2 | E91: Conèixer l'estat de conservació i la seva tendència dels hàbitats, les espècies els elements de la gea i els processos ecològics com a eina per avaluar i optimitzar la gestió | F91: 06.2.2 | G91: Conèixer i estudiar els processos naturals propis de l’espai, la seva funcionalitat, i ecologia en referència als ecosistemes | H91: Comú | I91: Obligatori | J91: Conèixer i estudiar els processos naturals propis de l’espai, la seva funcionalitat, i ecologia en referència als ecosistemes. | L91: Si | M91: Mitjana | O91: Actualització del protocol d’índex ecològics de les diferents masses d’aigua. | R91: Sí/No | T91: Sí | V91: =U91*4 -> 0 | W91: Àrea coordinació | X91: =IF(W91=Llistes!$B$18,Llistes!$D$18,IF(W91=Llistes!$B$20,Llistes!$D$20,IF(W91=Llistes!$B$22,Llistes!$D$22,IF(W91=Llistes!$B$23,Llistes!$D$23,IF(W91=Llistes!$B$24,Llistes!$D$24,IF(W91=Llistes!$B$28,Llistes!$D$28)))))) -> Tècnic coordinador | Y91: Contractació externa | Z91: Fons propis | AB91: X
A92: Eix 03 - Coneixement | B92: OG 06 | C92: MILLORAR EL CONEIXEMENT DE L'ENTORN, del patrimoni natural, cultural i social. | D92: 06.2 | E92: Conèixer l'estat de conservació i la seva tendència dels hàbitats, les espècies els elements de la gea i els processos ecològics com a eina per avaluar i optimitzar la gestió | F92: 06.2.2 | G92: Conèixer i estudiar els processos naturals propis de l’espai, la seva funcionalitat, i ecologia en referència als ecosistemes | H92: Comú | I92: Obligatori | J92: Conèixer i estudiar els processos naturals propis de l’espai, la seva funcionalitat, i ecologia en referència als ecosistemes. | L92: Si | O92: Aplicació del protocol d’índex ecològics de les diferents masses d’aigua. | R92: Nombre de masses d'aigua on s'aplica el protocol | S92: 2 | T92: 5 | V92: =U92*4 -> 0 | W92: Àrea coordinació | X92: =IF(W92=Llistes!$B$18,Llistes!$D$18,IF(W92=Llistes!$B$20,Llistes!$D$20,IF(W92=Llistes!$B$22,Llistes!$D$22,IF(W92=Llistes!$B$23,Llistes!$D$23,IF(W92=Llistes!$B$24,Llistes!$D$24,IF(W92=Llistes!$B$28,Llistes!$D$28)))))) -> Tècnic coordinador | Y92: Contractació externa | Z92: Fons propis | AC92: X | AD92: X
A93: Eix 03 - Coneixement | B93: OG 06 | C93: MILLORAR EL CONEIXEMENT DE L'ENTORN, del patrimoni natural, cultural i social. | D93: 06.2 | E93: Conèixer l'estat de conservació i la seva tendència dels hàbitats, les espècies els elements de la gea i els processos ecològics com a eina per avaluar i optimitzar la gestió | F93: 06.2.3 | G93: Conèixer els usos i factors de canvi rellevants en l'evolució dels elements de conservació, i avaluar els efectes que generen en l’espai (pressions i amenaces) | H93: Comú | I93: Obligatori | J93: Conèixer els usos i factors de canvi rellevants en l'evolució dels elements de conservació, i avaluar els efectes que generen en l’espai (pressions i amenaces). | L93: Si | M93: Alta | O93: Realització d'un estudi d'avaluació de l'impacte del canvi climàtic en l'ENP i la seva capacitat d'adaptació i resiliència. | P93: ESNATURA | Q93: SENP/UIC: Elaborar la classificació i cartografia de les pressions o factors de canvi sobre el medi natural | R93: Sí/No | T93: Sí | V93: =U93*4 -> 0 | W93: Àrea tècnica | X93: Tècnic/a | Y93: Contractació externa | Z93: Fons propis | AB93: X
A94: Eix 03 - Coneixement | B94: OG 06 | C94: MILLORAR EL CONEIXEMENT DE L'ENTORN, del patrimoni natural, cultural i social. | D94: 06.2 | E94: Conèixer l'estat de conservació i la seva tendència dels hàbitats, les espècies els elements de la gea i els processos ecològics com a eina per avaluar i optimitzar la gestió | F94: 06.2.4 | G94: Conèixer l'impacte de les gestió de l'aigua, sobre la biodiversitat. | H94: Comú | I94: Optatiu | J94: Conèixer l'impacte de les gestió de l'aigua, sobre la biodiversitat. | L94: Si | M94: Mitjana | O94: Establiment d'un programa de seguiment de l’estat hidrològic de les masses d’aigua. | R94: Sí/No | T94: Sí | V94: =U94*4 -> 0 | W94: Àrea tècnica | X94: Tècnic/a | Y94: Contractació externa | Z94: Fons propis | AC94: X
A95: Eix 03 - Coneixement | B95: OG 06 | C95: MILLORAR EL CONEIXEMENT DE L'ENTORN, del patrimoni natural, cultural i social. | D95: 06.2 | E95: Conèixer l'estat de conservació i la seva tendència dels hàbitats, les espècies els elements de la gea i els processos ecològics com a eina per avaluar i optimitzar la gestió | F95: 06.2.5 | G95: Participar en el coneixement de la tendència d'espècies plaga amb afectacions sobre ecosistemes o activitats econòmiques dins l'ENP | H95: Comú | I95: Optatiu | J95: Participar en el coneixement de la tendència d'espècies plaga amb afectacions sobre ecosistemes o activitats econòmiques dins l'ENP. | L95: Si | O95: Seguiment de les poblacions de gavians a l'ENP. | R95: Sí/No | T95: Sí | V95: =U95*4 -> 0 | W95: Àrea tècnica | X95: Tècnic/a | Y95: Mitjans propis | Z95: Altres aportacions | AA95: X | AC95: X
A96: Eix 03 - Coneixement | B96: OG 06 | C96: MILLORAR EL CONEIXEMENT DE L'ENTORN, del patrimoni natural, cultural i social. | D96: 06.2 | E96: Conèixer l'estat de conservació i la seva tendència dels hàbitats, les espècies els elements de la gea i els processos ecològics com a eina per avaluar i optimitzar la gestió | F96: 06.2.6 | G96: Conèixer la tendència d'espècies exòtiques invasores amb afectacions sobre ecosistemes o activitats econòmiques dins l'ENP | H96: Comú | I96: Obligatori | J96: Conèixer la tendència d'espècies exòtiques invasores amb afectacions sobre ecosistemes o activitats econòmiques dins l'ENP. | L96: Si | M96: Alta | O96: Planificació d'estudis de forma coordinada amb el Servei Fauna i Flora. | P96: ESNATURA | R96: Nombre de reunions | S96: 2 | T96: 4 | V96: =U96*4 -> 0 | W96: Àrea coordinació | X96: =IF(W96=Llistes!$B$18,Llistes!$D$18,IF(W96=Llistes!$B$20,Llistes!$D$20,IF(W96=Llistes!$B$22,Llistes!$D$22,IF(W96=Llistes!$B$23,Llistes!$D$23,IF(W96=Llistes!$B$24,Llistes!$D$24,IF(W96=Llistes!$B$28,Llistes!$D$28)))))) -> Tècnic coordinador | Y96: Mitjans propis | Z96: Fons propis | AA96: X | AB96: X | AC96: X | AD96: X
A97: Eix 03 - Coneixement | B97: OG 06 | C97: MILLORAR EL CONEIXEMENT DE L'ENTORN, del patrimoni natural, cultural i social. | D97: 06.2 | E97: Conèixer l'estat de conservació i la seva tendència dels hàbitats, les espècies els elements de la gea i els processos ecològics com a eina per avaluar i optimitzar la gestió | F97: 06.2.6 | G97: Conèixer la tendència d'espècies exòtiques invasores amb afectacions sobre ecosistemes o activitats econòmiques dins l'ENP | H97: Comú | I97: Obligatori | J97: Conèixer la tendència d'espècies exòtiques invasores amb afectacions sobre ecosistemes o activitats econòmiques dins l'ENP | L97: Si | M97: Alta | O97: Realització d'un informe tècnic d'avaluació de les actuacions de control de l'espècie exòtica invasora Myocastor coypusi tendència a l'ENP. | P97: ESNATURA | R97: Sí/No | T97: Sí | V97: =U97*4 -> 0 | W97: Àrea coordinació | X97: =IF(W97=Llistes!$B$18,Llistes!$D$18,IF(W97=Llistes!$B$20,Llistes!$D$20,IF(W97=Llistes!$B$22,Llistes!$D$22,IF(W97=Llistes!$B$23,Llistes!$D$23,IF(W97=Llistes!$B$24,Llistes!$D$24,IF(W97=Llistes!$B$28,Llistes!$D$28)))))) -> Tècnic coordinador | Y97: Mitjans propis | Z97: Fons propis | AA97: X | AC97: X
A98: Eix 03 - Coneixement | B98: OG 06 | C98: MILLORAR EL CONEIXEMENT DE L'ENTORN, del patrimoni natural, cultural i social. | D98: 06.2 | E98: Conèixer l'estat de conservació i la seva tendència dels hàbitats, les espècies els elements de la gea i els processos ecològics com a eina per avaluar i optimitzar la gestió | F98: 06.2.6 | G98: Conèixer la tendència d'espècies exòtiques invasores amb afectacions sobre ecosistemes o activitats econòmiques dins l'ENP | H98: Comú | I98: Obligatori | J98: Conèixer la tendència d'espècies exòtiques invasores amb afectacions sobre ecosistemes o activitats econòmiques dins l'ENP. | L98: Si | M98: Alta | O98: Realització d'un informe tècnic d'avaluació de les actuacions de control de les espècies de tortugues exòtiques invasores i tendència a l'ENP. | P98: ESNATURA | R98: Sí/No | T98: Sí | V98: =U98*4 -> 0 | W98: Àrea coordinació | X98: =IF(W98=Llistes!$B$18,Llistes!$D$18,IF(W98=Llistes!$B$20,Llistes!$D$20,IF(W98=Llistes!$B$22,Llistes!$D$22,IF(W98=Llistes!$B$23,Llistes!$D$23,IF(W98=Llistes!$B$24,Llistes!$D$24,IF(W98=Llistes!$B$28,Llistes!$D$28)))))) -> Tècnic coordinador | Y98: Mitjans propis | Z98: Fons propis | AB98: X | AD98: X
A99: Eix 03 - Coneixement | B99: OG 06 | C99: MILLORAR EL CONEIXEMENT DE L'ENTORN, del patrimoni natural, cultural i social. | D99: 06.2 | E99: Conèixer l'estat de conservació i la seva tendència dels hàbitats, les espècies els elements de la gea i els processos ecològics com a eina per avaluar i optimitzar la gestió | F99: 06.2.6 | G99: Conèixer la tendència d'espècies exòtiques invasores amb afectacions sobre ecosistemes o activitats econòmiques dins l'ENP | H99: Comú | I99: Obligatori | J99: Conèixer la tendència d'espècies exòtiques invasores amb afectacions sobre ecosistemes o activitats econòmiques dins l'ENP. | L99: Si | M99: Alta | O99: Realització d'un informe tècnic d'avaluació de les actuacions de control de les espècies de flora exòtica invasora i tendència a l'ENP. | P99: ESNATURA | R99: Sí/No | T99: Sí | V99: =U99*4 -> 0 | W99: Àrea coordinació | X99: =IF(W99=Llistes!$B$18,Llistes!$D$18,IF(W99=Llistes!$B$20,Llistes!$D$20,IF(W99=Llistes!$B$22,Llistes!$D$22,IF(W99=Llistes!$B$23,Llistes!$D$23,IF(W99=Llistes!$B$24,Llistes!$D$24,IF(W99=Llistes!$B$28,Llistes!$D$28)))))) -> Tècnic coordinador | Y99: Mitjans propis | Z99: Fons propis | AB99: X | AD99: X
A100: Eix 03 - Coneixement | B100: OG 06 | C100: MILLORAR EL CONEIXEMENT DE L'ENTORN, del patrimoni natural, cultural i social. | D100: 06.2 | E100: Conèixer l'estat de conservació i la seva tendència dels hàbitats, les espècies els elements de la gea i els processos ecològics com a eina per avaluar i optimitzar la gestió | F100: 06.2.6 | G100: Conèixer la tendència d'espècies exòtiques invasores amb afectacions sobre ecosistemes o activitats econòmiques dins l'ENP | H100: Comú | I100: Obligatori | J100: Conèixer la tendència d'espècies exòtiques invasores amb afectacions sobre ecosistemes o activitats econòmiques dins l'ENP. | L100: Si | M100: Alta | O100: Realització d'un informe tècnic d'avaluació de les actuacions de control de les espècies de peixos exòtics invasors i tendència a l'ENP. | P100: ESNATURA | R100: Sí/No | T100: Sí | V100: =U100*4 -> 0 | W100: Àrea coordinació | X100: =IF(W100=Llistes!$B$18,Llistes!$D$18,IF(W100=Llistes!$B$20,Llistes!$D$20,IF(W100=Llistes!$B$22,Llistes!$D$22,IF(W100=Llistes!$B$23,Llistes!$D$23,IF(W100=Llistes!$B$24,Llistes!$D$24,IF(W100=Llistes!$B$28,Llistes!$D$28)))))) -> Tècnic coordinador | Y100: Mitjans propis | Z100: Fons propis | AA100: X | AD100: X
...

Sheet Hoja2
B2: Etiquetas de fila
B3: Eix 01 - Natura
B4: ADAPTAR ELS ECOSISTEMES AL CANVI CLIMÀTIC i millorar-ne la resiliència en front dels riscos associats.
B5: Planificar la prevenció i extinció d’incendis forestals i la gestió del foc de forma coordinada amb els diferents agents del territori
B6: Definir i planificar la gestió del foc per a la millora de l'ENP
B7: Redactar i implementar el Pla de Prevenció d'Incendis
B8: Treballar per a la prevenció d'incendis juntament amb els propietaris, ajuntaments, protecció civil, ADF i bombers.
B9: Planificar l'adaptació dels sistemes naturals al canvi climàtic
B10: Adaptar i implementar el Pla d'adaptació de l'ENP al canvi climàtic
B11: Gestionar i planificar els recursos hídrics de l'ENP
B12: Participar en la redacció i execució dels instruments d'ordenació forestal sostenible i per la conservació en finques públiques
B13: CONSERVAR LA NATURA i restaurar els ecosistemes, els processos naturals i seminaturals, la biodiversitat i la geodiversitat associada.
... B263: Total general

Sheet PLA
A1: MODEL DE PLA ESTRATÈGIC PELS ENP
B2: Espai natural protegit: | C2: Estany de Banyoles
S3: Fita a assolir en 4 anys | U3: Gestió interna
A4: EIXOS | C4: OBJECTIUS Generals (PP) | E4: OBJECTIUS Estratègics | G4: OBJECTIUS operatius / Línia estratègica | H4: Comú / Específic | I4: Obligatori / Optatiu | J4: Objectiu operatiu concret a l'espai | K4: Explicació de la decisió presa en el cas de canvis respecte al llistat inicial (columna G) | L4: Objectiu amb mesures incorporables a la planificació anual de la gestió de l'espai? | M4: Prioritat | N4: Ordre | O4: Propostes d'accions | P4: Marc de referència | Q4: Resultats derivats | R4: Indicadors | S4: Mínima | T4: Màxim (Desitjable) | U4: Hores de dedicació (hores/anuals) | V4: Total període hores | W4: Àrea responsable | X4: Persona responsable | Y4: Contractació externa o mitjans propis | Z4: Finançament | AA4: 2026 | AB4: 2027 | AC4: 2028 | AD4: 2029
A5: NATURA | B5: 1 | C5: CONSERVAR LA NATURA i restaurar els ecosistemes, els processos naturals i seminaturals, la biodiversitat i la geodiversitat associada. | D5: 01.1 | E5: Adequar i fer eficient la conservació dels elements objecte de gestió prioritària marcats per la DG a l'ENP | F5: 01.1.1 | G5: Implementar i executar plans de gestió específics per a hàbitats i espècies de conservació prioritària dins l'ENP | H5: Comú | I5: Obligatori | J5: =G5 -> Implementar i executar plans de gestió específics per a hàbitats i espècies de conservació prioritària dins l'ENP | L5: Si | M5: ALTA | O5: Elaboració d'un pla de gestió de les tortugues aquàtiques autòctones a l'espai natural (Emys orbicularis i Mauremys leprosa) | R5: Sí/No | T5: Sí | V5: =U5*4 -> 0 | W5: Àrea coordinació | X5: =IF(W5=Llistes!$B$18,Llistes!$D$18,IF(W5=Llistes!$B$20,Llistes!$D$20,IF(W5=Llistes!$B$22,Llistes!$D$22,IF(W5=Llistes!$B$23,Llistes!$D$23,IF(W5=Llistes!$B$24,Llistes!$D$24,IF(W5=Llistes!$B$28,Llistes!$D$28)))))) -> Tècnic coordinador | Y5: Contractació externa | Z5: Fons propis | AB5: X
A6: NATURA | B6: 1 | C6: CONSERVAR LA NATURA i restaurar els ecosistemes, els processos naturals i seminaturals, la biodiversitat i la geodiversitat associada. | D6: 01.1 | E6: Adequar i fer eficient la conservació dels elements objecte de gestió prioritària marcats per la DG a l'ENP | F6: 01.1.1 | G6: Implementar i executar plans de gestió específics per a hàbitats i espècies de conservació prioritària dins l'ENP | H6: Comú | I6: Obligatori | J6: =G6 -> Implementar i executar plans de gestió específics per a hàbitats i espècies de conservació prioritària dins l'ENP | L6: Si | M6: ALTA | O6: Elaboració d'un pla de gestió per la conservació i millora de les nàiades de l'espai natural (Unio ravoisieri, Unio mancus, Potomida littoralis i Anodonta anotina) | R6: Sí/No | T6: Sí | V6: =U6*4 -> 0 | W6: Àrea coordinació | X6: =IF(W6=Llistes!$B$18,Llistes!$D$18,IF(W6=Llistes!$B$20,Llistes!$D$20,IF(W6=Llistes!$B$22,Llistes!$D$22,IF(W6=Llistes!$B$23,Llistes!$D$23,IF(W6=Llistes!$B$24,Llistes!$D$24,IF(W6=Llistes!$B$28,Llistes!$D$28)))))) -> Tècnic coordinador | Y6: Contractació externa | Z6: Fons propis | AB6: X
A7: NATURA | B7: 1 | C7: CONSERVAR LA NATURA i restaurar els ecosistemes, els processos naturals i seminaturals, la biodiversitat i la geodiversitat associada. | D7: 01.1 | E7: Adequar i fer eficient la conservació dels elements objecte de gestió prioritària marcats per la DG a l'ENP | F7: 01.1.1 | G7: Implementar i executar plans de gestió específics per a hàbitats i espècies de conservació prioritària dins l'ENP | H7: Comú | I7: Obligatori | J7: =G7 -> Implementar i executar plans de gestió específics per a hàbitats i espècies de conservació prioritària dins l'ENP | L7: Si | M7: ALTA | O7: Elaboració d'un pla de gestió de la falguera dels pantans (Thelypteris palustris) | R7: Sí/No | T7: Sí | V7: =U7*4 -> 0 | W7: Àrea coordinació | X7: =IF(W7=Llistes!$B$18,Llistes!$D$18,IF(W7=Llistes!$B$20,Llistes!$D$20,IF(W7=Llistes!$B$22,Llistes!$D$22,IF(W7=Llistes!$B$23,Llistes!$D$23,IF(W7=Llistes!$B$24,Llistes!$D$24,IF(W7=Llistes!$B$28,Llistes!$D$28)))))) -> Tècnic coordinador | Y7: Contractació externa | Z7: Fons propis | AB7: X
A8: NATURA | B8: 1 | C8: CONSERVAR LA NATURA i restaurar els ecosistemes, els processos naturals i seminaturals, la biodiversitat i la geodiversitat associada. | D8: 01.1 | E8: Adequar i fer eficient la conservació dels elements objecte de gestió prioritària marcats per la DG a l'ENP | F8: 01.1.1 | G8: Implementar i executar plans de gestió específics per a hàbitats i espècies de conservació prioritària dins l'ENP | H8: Comú | I8: Obligatori | J8: =G8 -> Implementar i executar plans de gestió específics per a hàbitats i espècies de conservació prioritària dins l'ENP | L8: Si | M8: ALTA | O8: Elaboració d'un pla de gestió de Carex elatta | R8: Sí/No | T8: Sí | V8: =U8*4 -> 0 | W8: Àrea coordinació | X8: =IF(W8=Llistes!$B$18,Llistes!$D$18,IF(W8=Llistes!$B$20,Llistes!$D$20,IF(W8=Llistes!$B$22,Llistes!$D$22,IF(W8=Llistes!$B$23,Llistes!$D$23,IF(W8=Llistes!$B$24,Llistes!$D$24,IF(W8=Llistes!$B$28,Llistes!$D$28)))))) -> Tècnic coordinador | Y8: Contractació externa | Z8: Fons propis | AC8: X
A9: NATURA | B9: 1 | C9: CONSERVAR LA NATURA i restaurar els ecosistemes, els processos naturals i seminaturals, la biodiversitat i la geodiversitat associada. | D9: 01.1 | E9: Adequar i fer eficient la conservació dels elements objecte de gestió prioritària marcats per la DG a l'ENP | F9: 01.1.1 | G9: Implementar i executar plans de gestió específics per a hàbitats i espècies de conservació prioritària dins l'ENP | H9: Comú | I9: Obligatori | J9: =G9 -> Implementar i executar plans de gestió específics per a hàbitats i espècies de conservació prioritària dins l'ENP | L9: Si | M9: ALTA | O9: Elaboració d'un pla de gestió de potamogèton perfoliat (Potamogeton perfoliatus) | P9: MAP | Q9: SFF: Elaboració de plans de gestió específics per a espècies de conservació prioritària i directrius de gestió d'hàbitats. SFF/SENP: Definir a nivell de cluster quins son els que es poden elaborar conjuntament. | R9: Sí/No | T9: Sí | V9: =U9*4 -> 0 | W9: Àrea coordinació | X9: =IF(W9=Llistes!$B$18,Llistes!$D$18,IF(W9=Llistes!$B$20,Llistes!$D$20,IF(W9=Llistes!$B$22,Llistes!$D$22,IF(W9=Llistes!$B$23,Llistes!$D$23,IF(W9=Llistes!$B$24,Llistes!$D$24,IF(W9=Llistes!$B$28,Llistes!$D$28)))))) -> Tècnic coordinador | Y9: Contractació externa | Z9: Fons propis | AC9: X
A10: NATURA | B10: 1 | C10: CONSERVAR LA NATURA i restaurar els ecosistemes, els processos naturals i seminaturals, la biodiversitat i la geodiversitat associada. | D10: 01.1 | E10: Adequar i fer eficient la conservació dels elements objecte de gestió prioritària marcats per la DG a l'ENP | F10: 01.1.1 | G10: Implementar i executar plans de gestió específics per a hàbitats i espècies de conservació prioritària dins l'ENP | H10: Comú | I10: Obligatori | J10: =G10 -> Implementar i executar plans de gestió específics per a hàbitats i espècies de conservació prioritària dins l'ENP | L10: Si | M10: ALTA | O10: Elaboració d'un pla de gestió de Vertigo moulinsiana i Vertigo angustior | R10: Sí/No | T10: Sí | V10: =U10*4 -> 0 | W10: Àrea coordinació | X10: =IF(W10=Llistes!$B$18,Llistes!$D$18,IF(W10=Llistes!$B$20,Llistes!$D$20,IF(W10=Llistes!$B$22,Llistes!$D$22,IF(W10=Llistes!$B$23,Llistes!$D$23,IF(W10=Llistes!$B$24,Llistes!$D$24,IF(W10=Llistes!$B$28,Llistes!$D$28)))))) -> Tècnic coordinador | Y10: Contractació externa | Z10: Fons propis | AC10: X
A11: NATURA | B11: 1 | C11: CONSERVAR LA NATURA i restaurar els ecosistemes, els processos naturals i seminaturals, la biodiversitat i la geodiversitat associada. | D11: 01.1 | E11: Adequar i fer eficient la conservació dels elements objecte de gestió prioritària marcats per la DG a l'ENP | F11: 01.1.2 | G11: Adaptar i executar plans de gestió específics per a elements geològics de conservació prioritària dins l'ENP | H11: Comú | I11: Obligatori | J11: =G11 -> Adaptar i executar plans de gestió específics per a elements geològics de conservació prioritària dins l'ENP | L11: Si | M11: MITJANA | O11: Aplicació de les directrius de gestió de l'inventari de patrimoni geològic (ICGC) | R11: Sí/No | T11: Sí | V11: =U11*4 -> 0 | W11: Àrea coordinació | X11: =IF(W11=Llistes!$B$18,Llistes!$D$18,IF(W11=Llistes!$B$20,Llistes!$D$20,IF(W11=Llistes!$B$22,Llistes!$D$22,IF(W11=Llistes!$B$23,Llistes!$D$23,IF(W11=Llistes!$B$24,Llistes!$D$24,IF(W11=Llistes!$B$28,Llistes!$D$28)))))) -> Tècnic coordinador | Y11: Mitjans propis | Z11: Fons propis | AC11: x
A12: NATURA | B12: 1 | C12: CONSERVAR LA NATURA i restaurar els ecosistemes, els processos naturals i seminaturals, la biodiversitat i la geodiversitat associada. | D12: 01.2 | E12: Executar les mesures de gestió directa previstes en els instruments de planificació per la conservació i la gestió adaptativa dels elements clau de l'ENP | F12: 01.2.1 | G12: Implementar la metodologia de gestió adaptativa (Estàndards Oberts de Gestió Adaptativa a Catalunya) en tots els processos de l'ENP | H12: Comú | I12: Obligatori | J12: =G12 -> Implementar la metodologia de gestió adaptativa (Estàndards Oberts de Gestió Adaptativa a Catalunya) en tots els processos de l'ENP | L12: Si | M12: MÀXIMA | O12: Redacció d'un protocol per tal d'incorporar la metodologia dels Estàndards Oberts pels processos més rellevants per a la conservació a l'espai | P12: ESNATURA | Q12: SENP: Elaboració d'un manual per la implementació dels OSAM | R12: Sí/No | T12: Sí | V12: =U12*4 -> 0 | W12: Intervenció | X12: =IF(W12=Llistes!$B$18,Llistes!$D$18,IF(W12=Llistes!$B$20,Llistes!$D$20,IF(W12=Llistes!$B$22,Llistes!$D$22,IF(W12=Llistes!$B$23,Llistes!$D$23,IF(W12=Llistes!$B$24,Llistes!$D$24,IF(W12=Llistes!$B$28,Llistes!$D$28)))))) -> Interventora | AB12: x
A13: NATURA | B13: 1 | C13: CONSERVAR LA NATURA i restaurar els ecosistemes, els processos naturals i seminaturals, la biodiversitat i la geodiversitat associada. | D13: 01.2 | E13: Executar les mesures de gestió directa previstes en els instruments de planificació per la conservació i la gestió adaptativa dels elements clau de l'ENP | F13: 01.2.1 | G13: Implementar la metodologia de gestió adaptativa (Estàndards Oberts de Gestió Adaptativa a Catalunya) en tots els processos de l'ENP | H13: Comú | I13: Obligatori | J13: =G13 -> Implementar la metodologia de gestió adaptativa (Estàndards Oberts de Gestió Adaptativa a Catalunya) en tots els processos de l'ENP | L13: Si | M13: MÀXIMA | O13: Implementació del protocol per tal d'incorporar la metodologia dels Estàndards Oberts pels processos més rellevants per a la conservació a l'espai | R13: Sí/No | T13: Sí | V13: =U13*4 -> 0
A14: NATURA | B14: 1 | C14: CONSERVAR LA NATURA i restaurar els ecosistemes, els processos naturals i seminaturals, la biodiversitat i la geodiversitat associada. | D14: 01.2 | E14: Executar les mesures de gestió directa previstes en els instruments de planificació per la conservació i la gestió adaptativa dels elements clau de l'ENP | F14: 01.2.2 | G14: Executar les mesures previstes en els plans de conservació o recuperació d'espècies amenaçades de forma coordinada amb el Servei de Flora i Fauna en l'àmbit de l'ENP | H14: Comú | I14: Obligatori | J14: =G14 -> Executar les mesures previstes en els plans de conservació o recuperació d'espècies amenaçades de forma coordinada amb el Servei de Flora i Fauna en l'àmbit de l'ENP | L14: No | M14: MÀXIMA | O14: Implicació i participació en la redacció dels plans de conservació /recuperació d'espècies amenaçades | R14: Nombre de reunions | S14: 2 | T14: 4 | V14: =U14*4 -> 0 | W14: Àrea coordinació | X14: =IF(W14=Llistes!$B$18,Llistes!$D$18,IF(W14=Llistes!$B$20,Llistes!$D$20,IF(W14=Llistes!$B$22,Llistes!$D$22,IF(W14=Llistes!$B$23,Llistes!$D$23,IF(W14=Llistes!$B$24,Llistes!$D$24,IF(W14=Llistes!$B$28,Llistes!$D$28)))))) -> Tècnic coordinador | Y14: Mitjans propis | Z14: Fons propis | AA14: x | AB14: x | AC14: x | AD14: x
A15: NATURA | B15: 1 | C15: CONSERVAR LA NATURA i restaurar els ecosistemes, els processos naturals i seminaturals, la biodiversitat i la geodiversitat associada. | D15: 01.2 | E15: Executar les mesures de gestió directa previstes en els instruments de planificació per la conservació i la gestió adaptativa dels elements clau de l'ENP | F15: 01.2.2 | G15: Executar les mesures previstes en els plans de conservació o recuperació d'espècies amenaçades de forma coordinada amb el Servei de Flora i Fauna en l'àmbit de l'ENP | H15: Comú | I15: Obligatori | J15: =G15 -> Executar les mesures previstes en els plans de conservació o recuperació d'espècies amenaçades de forma coordinada amb el Servei de Flora i Fauna en l'àmbit de l'ENP | L15: Si | M15: MÀXIMA | O15: Execució de les accions dins els plans de recuperació/conservació aprovats que afectin l'espai | R15: Nombre d'accions executades | S15: 1 | T15: 3 | V15: =U15*4 -> 0 | W15: Àrea coordinació | X15: =IF(W15=Llistes!$B$18,Llistes!$D$18,IF(W15=Llistes!$B$20,Llistes!$D$20,IF(W15=Llistes!$B$22,Llistes!$D$22,IF(W15=Llistes!$B$23,Llistes!$D$23,IF(W15=Llistes!$B$24,Llistes!$D$24,IF(W15=Llistes!$B$28,Llistes!$D$28)))))) -> Tècnic coordinador | Y15: Contractació externa | Z15: Subjecte a ajuts | AB15: x | AC15: x | AD15: x
A16: NATURA | B16: 1 | C16: CONSERVAR LA NATURA i restaurar els ecosistemes, els processos naturals i seminaturals, la biodiversitat i la geodiversitat associada. | D16: 01.2 | E16: Executar les mesures de gestió directa previstes en els instruments de planificació per la conservació i la gestió adaptativa dels elements clau de l'ENP | F16: 01.2.2 | G16: Executar les mesures previstes en els plans de conservació o recuperació d'espècies amenaçades de forma coordinada amb el Servei de Flora i Fauna en l'àmbit de l'ENP | H16: Comú | I16: Obligatori | J16: =G16 -> Executar les mesures previstes en els plans de conservació o recuperació d'espècies amenaçades de forma coordinada amb el Servei de Flora i Fauna en l'àmbit de l'ENP | L16: Si | M16: MÀXIMA | O16: Col·laboració en l'obtenció de la informació necessària dins els espais per al desenvolupament dels Plans | P16: MAP Catàlegs | Q16: SFF: Elaboració de plans de conservació o recuperació d'espècies protegides | R16: Sí/No | T16: Sí | V16: =U16*4 -> 0 | W16: Àrea coordinació | X16: =IF(W16=Llistes!$B$18,Llistes!$D$18,IF(W16=Llistes!$B$20,Llistes!$D$20,IF(W16=Llistes!$B$22,Llistes!$D$22,IF(W16=Llistes!$B$23,Llistes!$D$23,IF(W16=Llistes!$B$24,Llistes!$D$24,IF(W16=Llistes!$B$28,Llistes!$D$28)))))) -> Tècnic coordinador | Y16: Mitjans propis | Z16: Fons propis | AA16: x | AB16: x | AC16: x | AD16: x
A17: NATURA | B17: 1 | C17: CONSERVAR LA NATURA i restaurar els ecosistemes, els processos naturals i seminaturals, la biodiversitat i la geodiversitat associada. | D17: 01.2 | E17: Executar les mesures de gestió directa previstes en els instruments de planificació per la conservació i la gestió adaptativa dels elements clau de l'ENP | F17: 01.2.3 | G17: Executar les mesures de gestió previstes en els plans de control i erradicació d'espècies exòtiques de forma coordinada amb el Servei de Flora i Fauna en l'àmbit de l'ENP | H17: Comú | I17: Obligatori | J17: Executar les mesures de control d'EEI | L17: Si | M17: MÀXIMA | O17: Redacció del Pla tècnic de control del coipú (Myocastor coypus) | R17: Sí/No | T17: Sí | V17: =U17*4 -> 0 | W17: Àrea coordinació | X17: =IF(W17=Llistes!$B$18,Llistes!$D$18,IF(W17=Llistes!$B$20,Llistes!$D$20,IF(W17=Llistes!$B$22,Llistes!$D$22,IF(W17=Llistes!$B$23,Llistes!$D$23,IF(W17=Llistes!$B$24,Llistes!$D$24,IF(W17=Llistes!$B$28,Llistes!$D$28)))))) -> Tècnic coordinador | Y17: Mitjans propis | Z17: Fons propis | AA17: x
A18: NATURA | B18: 1 | C18: CONSERVAR LA NATURA i restaurar els ecosistemes, els processos naturals i seminaturals, la biodiversitat i la geodiversitat associada. | D18: 01.2 | E18: Executar les mesures de gestió directa previstes en els instruments de planificació per la conservació i la gestió adaptativa dels elements clau de l'ENP | F18: 01.2.3 | G18: Executar les mesures de gestió previstes en els plans de control i erradicació d'espècies exòtiques de forma coordinada amb el Servei de Flora i Fauna en l'àmbit de l'ENP | H18: Comú | I18: Obligatori | J18: Executar les mesures de control d'EEI | L18: Si | M18: MÀXIMA | O18: Execució del Pla tècnic de control del coipú (Myocastor coypus) | R18: Pla executat | S18: 4 | T18: 4 | V18: =U18*4 -> 0 | W18: Àrea coordinació | X18: =IF(W18=Llistes!$B$18,Llistes!$D$18,IF(W18=Llistes!$B$20,Llistes!$D$20,IF(W18=Llistes!$B$22,Llistes!$D$22,IF(W18=Llistes!$B$23,Llistes!$D$23,IF(W18=Llistes!$B$24,Llistes!$D$24,IF(W18=Llistes!$B$28,Llistes!$D$28)))))) -> Tècnic coordinador | Y18: Mitjans propis | Z18: Fons propis | AA18: x | AB18: x | AC18: x | AD18: x
A19: NATURA | B19: 1 | C19: CONSERVAR LA NATURA i restaurar els ecosistemes, els processos naturals i seminaturals, la biodiversitat i la geodiversitat associada. | D19: 01.2 | E19: Executar les mesures de gestió directa previstes en els instruments de planificació per la conservació i la gestió adaptativa dels elements clau de l'ENP | F19: 01.2.3 | G19: Executar les mesures de gestió previstes en els plans de control i erradicació d'espècies exòtiques de forma coordinada amb el Servei de Flora i Fauna en l'àmbit de l'ENP | H19: Comú | I19: Obligatori | J19: Executar les mesures de control d'EEI | L19: Si | M19: MÀXIMA | O19: Redacció del Pla tècnic de control de la tortugues exòtiques | R19: Sí/No | T19: Sí | V19: =U19*4 -> 0 | W19: Àrea coordinació | X19: =IF(W19=Llistes!$B$18,Llistes!$D$18,IF(W19=Llistes!$B$20,Llistes!$D$20,IF(W19=Llistes!$B$22,Llistes!$D$22,IF(W19=Llistes!$B$23,Llistes!$D$23,IF(W19=Llistes!$B$24,Llistes!$D$24,IF(W19=Llistes!$B$28,Llistes!$D$28)))))) -> Tècnic coordinador | Y19: Mitjans propis | Z19: Fons propis | AB19: x
A20: NATURA | B20: 1 | C20: CONSERVAR LA NATURA i restaurar els ecosistemes, els processos naturals i seminaturals, la biodiversitat i la geodiversitat associada. | D20: 01.2 | E20: Executar les mesures de gestió directa previstes en els instruments de planificació per la conservació i la gestió adaptativa dels elements clau de l'ENP | F20: 01.2.3 | G20: Executar les mesures de gestió previstes en els plans de control i erradicació d'espècies exòtiques de forma coordinada amb el Servei de Flora i Fauna en l'àmbit de l'ENP | H20: Comú | I20: Obligatori | J20: Executar les mesures de control d'EEI | L20: Si | M20: MÀXIMA | O20: Execució del Pla tècnic de control de la tortugues exòtiques | R20: Pla executat | S20: 4 | T20: 4 | V20: =U20*4 -> 0 | W20: Àrea coordinació | X20: =IF(W20=Llistes!$B$18,Llistes!$D$18,IF(W20=Llistes!$B$20,Llistes!$D$20,IF(W20=Llistes!$B$22,Llistes!$D$22,IF(W20=Llistes!$B$23,Llistes!$D$23,IF(W20=Llistes!$B$24,Llistes!$D$24,IF(W20=Llistes!$B$28,Llistes!$D$28)))))) -> Tècnic coordinador | Y20: Mitjans propis | Z20: Fons propis | AC20: x | AD20: x
A21: NATURA | B21: 1 | C21: CONSERVAR LA NATURA i restaurar els ecosistemes, els processos naturals i seminaturals, la biodiversitat i la geodiversitat associada. | D21: 01.2 | E21: Executar les mesures de gestió directa previstes en els instruments de planificació per la conservació i la gestió adaptativa dels elements clau de l'ENP | F21: 01.2.3 | G21: Executar les mesures de gestió previstes en els plans de control i erradicació d'espècies exòtiques de forma coordinada amb el Servei de Flora i Fauna en l'àmbit de l'ENP | H21: Comú | I21: Obligatori | J21: Executar les mesures de control d'EEI | L21: Si | M21: MÀXIMA | O21: Redacció del Pla tècnic de control de la flora exòtica invasora problemàtica a l'EIN | R21: Sí/No | T21: Sí | V21: =U21*4 -> 0 | W21: Àrea coordinació | X21: =IF(W21=Llistes!$B$18,Llistes!$D$18,IF(W21=Llistes!$B$20,Llistes!$D$20,IF(W21=Llistes!$B$22,Llistes!$D$22,IF(W21=Llistes!$B$23,Llistes!$D$23,IF(W21=Llistes!$B$24,Llistes!$D$24,IF(W21=Llistes!$B$28,Llistes!$D$28)))))) -> Tècnic coordinador | Y21: Mitjans propis | Z21: Fons propis | AB21: x
